Timestamp,Value
2017-01-01 00:00:00,79.238
2017-01-01 00:15:00,79.686
2017-01-01 00:30:00,80.159
2017-01-01 00:45:00,80.61
2017-01-01 01:00:00,81.103
2017-01-01 01:15:00,81.556
2017-01-01 01:30:00,81.966
2017-01-01 01:45:00,82.276
2017-01-01 02:00:00,82.639
2017-01-01 02:15:00,82.945
2017-01-01 02:30:00,83.255
2017-01-01 02:45:00,83.382
2017-01-01 03:00:00,83.556
2017-01-01 03:15:00,83.536
2017-01-01 03:30:00,83.48
2017-01-01 03:45:00,83.233
2017-01-01 04:00:00,82.795
2017-01-01 04:15:00,82.986
2017-01-01 04:30:00,82.609
2017-01-01 04:45:00,82.503
2017-01-01 05:00:00,80.822
2017-01-01 05:15:00,80.309
2017-01-01 05:30:00,80.058
2017-01-01 05:45:00,79.717
2017-01-01 06:00:00,79.666
2017-01-01 06:15:00,79.175
2017-01-01 06:30:00,79.422
2017-01-01 06:45:00,79.242
2017-01-01 07:00:00,79.137
2017-01-01 07:15:00,79.019
2017-01-01 07:30:00,79.004
2017-01-01 07:45:00,78.744
2017-01-01 08:00:00,78.327
2017-01-01 08:15:00,78.066
2017-01-01 08:30:00,77.74
2017-01-01 08:45:00,77.398
2017-01-01 09:00:00,76.69
2017-01-01 09:15:00,76.083
2017-01-01 09:30:00,75.534
2017-01-01 09:45:00,75.375
2017-01-01 10:00:00,74.958
2017-01-01 10:15:00,74.706
2017-01-01 10:30:00,74.226
2017-01-01 10:45:00,74.179
2017-01-01 11:00:00,74.105
2017-01-01 11:15:00,74.179
2017-01-01 11:30:00,75.816
2017-01-01 11:45:00,76.538
2017-01-01 12:00:00,76.995
2017-01-01 12:15:00,77.508
2017-01-01 12:30:00,77.99
2017-01-01 12:45:00,78.421
2017-01-01 13:00:00,78.935
2017-01-01 13:15:00,79.392
2017-01-01 13:30:00,79.81
2017-01-01 13:45:00,80.241
2017-01-01 14:00:00,80.546
2017-01-01 14:15:00,80.873
2017-01-01 14:30:00,81.116
2017-01-01 14:45:00,81.42
2017-01-01 15:00:00,81.369
2017-01-01 15:15:00,81.43
2017-01-01 15:30:00,81.512
2017-01-01 15:45:00,81.283
2017-01-01 16:00:00,81.202
2017-01-01 16:15:00,80.987
2017-01-01 16:30:00,80.867
2017-01-01 16:45:00,80.766
2017-01-01 17:00:00,80.8
2017-01-01 17:15:00,81.264
2017-01-01 17:30:00,81.554
2017-01-01 17:45:00,81.609
2017-01-01 18:00:00,81.999
2017-01-01 18:15:00,82.514
2017-01-01 18:30:00,82.99
2017-01-01 18:45:00,83.174
2017-01-01 19:00:00,83.695
2017-01-01 19:15:00,83.791
2017-01-01 19:30:00,84.256
2017-01-01 19:45:00,82.959
2017-01-01 20:00:00,82.48
2017-01-01 20:15:00,82.201
2017-01-01 20:30:00,81.572
2017-01-01 20:45:00,81.221
2017-01-01 21:00:00,80.665
2017-01-01 21:15:00,80.141
2017-01-01 21:30:00,79.805
2017-01-01 21:45:00,79.299
2017-01-01 22:00:00,79.093
2017-01-01 22:15:00,78.75
2017-01-01 22:30:00,78.305
2017-01-01 22:45:00,78.16
2017-01-01 23:00:00,78.128
2017-01-01 23:15:00,78.309
2017-01-01 23:30:00,78.3
2017-01-01 23:45:00,78.299
2017-01-02 00:00:00,78.384
2017-01-02 00:15:00,78.413
2017-01-02 00:30:00,78.468
2017-01-02 00:45:00,78.463
2017-01-02 01:00:00,78.359
2017-01-02 01:15:00,78.285
2017-01-02 01:30:00,78.068
2017-01-02 01:45:00,77.947
2017-01-02 02:00:00,77.655
2017-01-02 02:15:00,77.33
2017-01-02 02:30:00,76.928
2017-01-02 02:45:00,76.374
2017-01-02 03:00:00,75.85
2017-01-02 03:15:00,75.12
2017-01-02 03:30:00,74.468
2017-01-02 03:45:00,73.782
2017-01-02 04:00:00,73.277
2017-01-02 04:15:00,74.193
2017-01-02 04:30:00,74.223
2017-01-02 04:45:00,74.331
2017-01-02 05:00:00,74.725
2017-01-02 05:15:00,74.638
2017-01-02 05:30:00,74.94
2017-01-02 05:45:00,75.41
2017-01-02 06:00:00,75.705
2017-01-02 06:15:00,75.999
2017-01-02 06:30:00,76.262
2017-01-02 06:45:00,76.632
2017-01-02 07:00:00,76.983
2017-01-02 07:15:00,77.396
2017-01-02 07:30:00,77.863
2017-01-02 07:45:00,77.937
2017-01-02 08:00:00,78.14
2017-01-02 08:15:00,78.396
2017-01-02 08:30:00,78.569
2017-01-02 08:45:00,78.589
2017-01-02 09:00:00,78.488
2017-01-02 09:15:00,78.901
2017-01-02 09:30:00,78.937
2017-01-02 09:45:00,79.097
2017-01-02 10:00:00,79.263
2017-01-02 10:15:00,79.503
2017-01-02 10:30:00,80.043
2017-01-02 10:45:00,80.274
2017-01-02 11:00:00,80.983
2017-01-02 11:15:00,81.22
2017-01-02 11:30:00,81.767
2017-01-02 11:45:00,82.28
2017-01-02 12:00:00,82.814
2017-01-02 12:15:00,83.304
2017-01-02 12:30:00,83.767
2017-01-02 12:45:00,84.213
2017-01-02 13:00:00,84.665
2017-01-02 13:15:00,85.097
2017-01-02 13:30:00,85.473
2017-01-02 13:45:00,84.695
2017-01-02 14:00:00,84.493
2017-01-02 14:15:00,84.094
2017-01-02 14:30:00,83.66
2017-01-02 14:45:00,82.984
2017-01-02 15:00:00,82.571
2017-01-02 15:15:00,82.014
2017-01-02 15:30:00,81.308
2017-01-02 15:45:00,80.673
2017-01-02 16:00:00,79.799
2017-01-02 16:15:00,79.199
2017-01-02 16:30:00,78.374
2017-01-02 16:45:00,78.105
2017-01-02 17:00:00,77.705
2017-01-02 17:15:00,77.538
2017-01-02 17:30:00,76.955
2017-01-02 17:45:00,76.699
2017-01-02 18:00:00,76.753
2017-01-02 18:15:00,76.342
2017-01-02 18:30:00,76.292
2017-01-02 18:45:00,76.051
2017-01-02 19:00:00,75.857
2017-01-02 19:15:00,75.415
2017-01-02 19:30:00,75.228
2017-01-02 19:45:00,75.06
2017-01-02 20:00:00,74.623
2017-01-02 20:15:00,74.415
2017-01-02 20:30:00,73.794
2017-01-02 20:45:00,73.229
2017-01-02 21:00:00,74.944
2017-01-02 21:15:00,75.034
2017-01-02 21:30:00,75.452
2017-01-02 21:45:00,75.379
2017-01-02 22:00:00,75.522
2017-01-02 22:15:00,76.102
2017-01-02 22:30:00,76.137
2017-01-02 22:45:00,76.863
2017-01-02 23:00:00,76.99
2017-01-02 23:15:00,77.575
2017-01-02 23:30:00,78.17
2017-01-02 23:45:00,78.815
2017-01-03 00:00:00,79.226
2017-01-03 00:15:00,79.685
2017-01-03 00:30:00,80.171
2017-01-03 00:45:00,80.613
2017-01-03 01:00:00,81.084
2017-01-03 01:15:00,81.503
2017-01-03 01:30:00,81.935
2017-01-03 01:45:00,82.255
2017-01-03 02:00:00,82.583
2017-01-03 02:15:00,82.799
2017-01-03 02:30:00,83.003
2017-01-03 02:45:00,83.02
2017-01-03 03:00:00,82.911
2017-01-03 03:15:00,82.822
2017-01-03 03:30:00,82.39
2017-01-03 03:45:00,82.187
2017-01-03 04:00:00,81.849
2017-01-03 04:15:00,81.933
2017-01-03 04:30:00,81.453
2017-01-03 04:45:00,81.72
2017-01-03 05:00:00,81.492
2017-01-03 05:15:00,81.877
2017-01-03 05:30:00,82.027
2017-01-03 05:45:00,82.274
2017-01-03 06:00:00,82.721
2017-01-03 06:15:00,81.565
2017-01-03 06:30:00,81.02
2017-01-03 06:45:00,81.201
2017-01-03 07:00:00,80.843
2017-01-03 07:15:00,80.555
2017-01-03 07:30:00,80.426
2017-01-03 07:45:00,79.82
2017-01-03 08:00:00,79.78
2017-01-03 08:15:00,79.138
2017-01-03 08:30:00,78.948
2017-01-03 08:45:00,78.544
2017-01-03 09:00:00,78.098
2017-01-03 09:15:00,77.599
2017-01-03 09:30:00,77.2
2017-01-03 09:45:00,77.057
2017-01-03 10:00:00,76.546
2017-01-03 10:15:00,76.547
2017-01-03 10:30:00,76.289
2017-01-03 10:45:00,75.918
2017-01-03 11:00:00,75.857
2017-01-03 11:15:00,75.889
2017-01-03 11:30:00,75.815
2017-01-03 11:45:00,75.874
2017-01-03 12:00:00,75.712
2017-01-03 12:15:00,75.763
2017-01-03 12:30:00,75.747
2017-01-03 12:45:00,75.65
2017-01-03 13:00:00,75.659
2017-01-03 13:15:00,75.503
2017-01-03 13:30:00,76.812
2017-01-03 13:45:00,77.247
2017-01-03 14:00:00,77.627
2017-01-03 14:15:00,78.011
2017-01-03 14:30:00,78.352
2017-01-03 14:45:00,78.687
2017-01-03 15:00:00,78.87
2017-01-03 15:15:00,78.928
2017-01-03 15:30:00,79.301
2017-01-03 15:45:00,79.221
2017-01-03 16:00:00,79.077
2017-01-03 16:15:00,79.111
2017-01-03 16:30:00,78.957
2017-01-03 16:45:00,79.014
2017-01-03 17:00:00,78.773
2017-01-03 17:15:00,79.101
2017-01-03 17:30:00,79.243
2017-01-03 17:45:00,79.478
2017-01-03 18:00:00,79.582
2017-01-03 18:15:00,80.019
2017-01-03 18:30:00,80.118
2017-01-03 18:45:00,80.67
2017-01-03 19:00:00,80.825
2017-01-03 19:15:00,81.084
2017-01-03 19:30:00,81.496
2017-01-03 19:45:00,81.541
2017-01-03 20:00:00,81.664
2017-01-03 20:15:00,81.558
2017-01-03 20:30:00,82.218
2017-01-03 20:45:00,82.001
2017-01-03 21:00:00,82.615
2017-01-03 21:15:00,82.709
2017-01-03 21:30:00,82.868
2017-01-03 21:45:00,83.074
2017-01-03 22:00:00,83.574
2017-01-03 22:15:00,83.897
2017-01-03 22:30:00,84.204
2017-01-03 22:45:00,82.962
2017-01-03 23:00:00,82.965
2017-01-03 23:15:00,82.783
2017-01-03 23:30:00,82.825
2017-01-03 23:45:00,82.747
2017-01-04 00:00:00,82.59
2017-01-04 00:15:00,82.555
2017-01-04 00:30:00,82.539
2017-01-04 00:45:00,82.412
2017-01-04 01:00:00,82.31
2017-01-04 01:15:00,82.232
2017-01-04 01:30:00,82.191
2017-01-04 01:45:00,81.974
2017-01-04 02:00:00,81.85
2017-01-04 02:15:00,81.652
2017-01-04 02:30:00,81.467
2017-01-04 02:45:00,81.287
2017-01-04 03:00:00,80.923
2017-01-04 03:15:00,80.536
2017-01-04 03:30:00,80.082
2017-01-04 03:45:00,79.713
2017-01-04 04:00:00,79.366
2017-01-04 04:15:00,78.663
2017-01-04 04:30:00,77.876
2017-01-04 04:45:00,77.551
2017-01-04 05:00:00,76.954
2017-01-04 05:15:00,76.363
2017-01-04 05:30:00,75.99
2017-01-04 05:45:00,75.635
2017-01-04 06:00:00,75.454
2017-01-04 06:15:00,74.922
2017-01-04 06:30:00,74.64
2017-01-04 06:45:00,74.358
2017-01-04 07:00:00,73.976
2017-01-04 07:15:00,73.966
2017-01-04 07:30:00,73.746
2017-01-04 07:45:00,75.419
2017-01-04 08:00:00,75.743
2017-01-04 08:15:00,76.024
2017-01-04 08:30:00,76.062
2017-01-04 08:45:00,76.191
2017-01-04 09:00:00,76.511
2017-01-04 09:15:00,76.581
2017-01-04 09:30:00,76.969
2017-01-04 09:45:00,77.172
2017-01-04 10:00:00,77.226
2017-01-04 10:15:00,77.566
2017-01-04 10:30:00,77.98
2017-01-04 10:45:00,78.652
2017-01-04 11:00:00,78.92
2017-01-04 11:15:00,79.449
2017-01-04 11:30:00,79.867
2017-01-04 11:45:00,80.38
2017-01-04 12:00:00,80.877
2017-01-04 12:15:00,81.333
2017-01-04 12:30:00,81.799
2017-01-04 12:45:00,82.237
2017-01-04 13:00:00,82.71
2017-01-04 13:15:00,83.136
2017-01-04 13:30:00,83.556
2017-01-04 13:45:00,83.907
2017-01-04 14:00:00,84.209
2017-01-04 14:15:00,84.546
2017-01-04 14:30:00,84.779
2017-01-04 14:45:00,84.924
2017-01-04 15:00:00,83.49
2017-01-04 15:15:00,82.943
2017-01-04 15:30:00,82.243
2017-01-04 15:45:00,81.553
2017-01-04 16:00:00,80.896
2017-01-04 16:15:00,79.618
2017-01-04 16:30:00,79.266
2017-01-04 16:45:00,78.808
2017-01-04 17:00:00,78.299
2017-01-04 17:15:00,77.88
2017-01-04 17:30:00,77.397
2017-01-04 17:45:00,76.945
2017-01-04 18:00:00,76.94
2017-01-04 18:15:00,76.608
2017-01-04 18:30:00,76.689
2017-01-04 18:45:00,76.7
2017-01-04 19:00:00,76.486
2017-01-04 19:15:00,76.384
2017-01-04 19:30:00,76.226
2017-01-04 19:45:00,75.847
2017-01-04 20:00:00,75.706
2017-01-04 20:15:00,75.399
2017-01-04 20:30:00,74.947
2017-01-04 20:45:00,74.333
2017-01-04 21:00:00,73.899
2017-01-04 21:15:00,73.503
2017-01-04 21:30:00,74.712
2017-01-04 21:45:00,74.625
2017-01-04 22:00:00,74.978
2017-01-04 22:15:00,75.228
2017-01-04 22:30:00,75.732
2017-01-04 22:45:00,76.119
2017-01-04 23:00:00,76.447
2017-01-04 23:15:00,77.12
2017-01-04 23:30:00,77.732
2017-01-04 23:45:00,78.203
2017-01-05 00:00:00,78.734
2017-01-05 00:15:00,79.208
2017-01-05 00:30:00,79.679
2017-01-05 00:45:00,80.124
2017-01-05 01:00:00,80.596
2017-01-05 01:15:00,81.068
2017-01-05 01:30:00,81.481
2017-01-05 01:45:00,81.854
2017-01-05 02:00:00,82.164
2017-01-05 02:15:00,82.502
2017-01-05 02:30:00,82.752
2017-01-05 02:45:00,82.924
2017-01-05 03:00:00,82.943
2017-01-05 03:15:00,83.048
2017-01-05 03:30:00,82.934
2017-01-05 03:45:00,82.829
2017-01-05 04:00:00,82.544
2017-01-05 04:15:00,82.53
2017-01-05 04:30:00,82.497
2017-01-05 04:45:00,82.503
2017-01-05 05:00:00,82.008
2017-01-05 05:15:00,82.577
2017-01-05 05:30:00,82.694
2017-01-05 05:45:00,81.7
2017-01-05 06:00:00,81.318
2017-01-05 06:15:00,81.456
2017-01-05 06:30:00,80.875
2017-01-05 06:45:00,81.199
2017-01-05 07:00:00,80.857
2017-01-05 07:15:00,80.832
2017-01-05 07:30:00,80.387
2017-01-05 07:45:00,80.04
2017-01-05 08:00:00,79.714
2017-01-05 08:15:00,79.211
2017-01-05 08:30:00,78.898
2017-01-05 08:45:00,78.359
2017-01-05 09:00:00,77.958
2017-01-05 09:15:00,77.348
2017-01-05 09:30:00,76.85
2017-01-05 09:45:00,76.336
2017-01-05 10:00:00,75.849
2017-01-05 10:15:00,75.5
2017-01-05 10:30:00,75.44
2017-01-05 10:45:00,75.291
2017-01-05 11:00:00,75.169
2017-01-05 11:15:00,75.231
2017-01-05 11:30:00,75.337
2017-01-05 11:45:00,75.503
2017-01-05 12:00:00,75.574
2017-01-05 12:15:00,75.658
2017-01-05 12:30:00,75.581
2017-01-05 12:45:00,75.606
2017-01-05 13:00:00,76.757
2017-01-05 13:15:00,77.226
2017-01-05 13:30:00,77.658
2017-01-05 13:45:00,78.013
2017-01-05 14:00:00,78.359
2017-01-05 14:15:00,78.678
2017-01-05 14:30:00,78.95
2017-01-05 14:45:00,79.122
2017-01-05 15:00:00,79.179
2017-01-05 15:15:00,79.292
2017-01-05 15:30:00,79.1
2017-01-05 15:45:00,78.987
2017-01-05 16:00:00,78.769
2017-01-05 16:15:00,79.344
2017-01-05 16:30:00,78.785
2017-01-05 16:45:00,78.983
2017-01-05 17:00:00,78.945
2017-01-05 17:15:00,78.731
2017-01-05 17:30:00,79.002
2017-01-05 17:45:00,79.474
2017-01-05 18:00:00,79.769
2017-01-05 18:15:00,80.107
2017-01-05 18:30:00,80.506
2017-01-05 18:45:00,80.775
2017-01-05 19:00:00,80.899
2017-01-05 19:15:00,81.47
2017-01-05 19:30:00,81.401
2017-01-05 19:45:00,81.93
2017-01-05 20:00:00,82.246
2017-01-05 20:15:00,82.356
2017-01-05 20:30:00,82.47
2017-01-05 20:45:00,82.518
2017-01-05 21:00:00,82.303
2017-01-05 21:15:00,82.574
2017-01-05 21:30:00,82.878
2017-01-05 21:45:00,82.978
2017-01-05 22:00:00,83.008
2017-01-05 22:15:00,83.122
2017-01-05 22:30:00,82.457
2017-01-05 22:45:00,81.939
2017-01-05 23:00:00,81.944
2017-01-05 23:15:00,82.045
2017-01-05 23:30:00,81.983
2017-01-05 23:45:00,82.147
2017-01-06 00:00:00,82.223
2017-01-06 00:15:00,82.215
2017-01-06 00:30:00,82.161
2017-01-06 00:45:00,82.186
2017-01-06 01:00:00,82.161
2017-01-06 01:15:00,82.088
2017-01-06 01:30:00,81.908
2017-01-06 01:45:00,81.678
2017-01-06 02:00:00,81.44
2017-01-06 02:15:00,81.07
2017-01-06 02:30:00,80.599
2017-01-06 02:45:00,80.13
2017-01-06 03:00:00,79.613
2017-01-06 03:15:00,78.805
2017-01-06 03:30:00,78.182
2017-01-06 03:45:00,77.292
2017-01-06 04:00:00,77.003
2017-01-06 04:15:00,76.125
2017-01-06 04:30:00,75.841
2017-01-06 04:45:00,75.066
2017-01-06 05:00:00,74.153
2017-01-06 05:15:00,74.513
2017-01-06 05:30:00,74.136
2017-01-06 05:45:00,73.92
2017-01-06 06:00:00,73.732
2017-01-06 06:15:00,73.43
2017-01-06 06:30:00,74.867
2017-01-06 06:45:00,74.959
2017-01-06 07:00:00,75.366
2017-01-06 07:15:00,75.783
2017-01-06 07:30:00,76.039
2017-01-06 07:45:00,76.454
2017-01-06 08:00:00,76.533
2017-01-06 08:15:00,76.532
2017-01-06 08:30:00,77.227
2017-01-06 08:45:00,77.202
2017-01-06 09:00:00,77.234
2017-01-06 09:15:00,76.981
2017-01-06 09:30:00,77.192
2017-01-06 09:45:00,77.338
2017-01-06 10:00:00,77.659
2017-01-06 10:15:00,77.94
2017-01-06 10:30:00,78.299
2017-01-06 10:45:00,78.54
2017-01-06 11:00:00,79.22
2017-01-06 11:15:00,79.511
2017-01-06 11:30:00,80.129
2017-01-06 11:45:00,80.701
2017-01-06 12:00:00,81.256
2017-01-06 12:15:00,81.678
2017-01-06 12:30:00,82.17
2017-01-06 12:45:00,82.606
2017-01-06 13:00:00,83.013
2017-01-06 13:15:00,83.421
2017-01-06 13:30:00,83.83
2017-01-06 13:45:00,84.172
2017-01-06 14:00:00,84.479
2017-01-06 14:15:00,84.712
2017-01-06 14:30:00,84.832
2017-01-06 14:45:00,83.479
2017-01-06 15:00:00,82.759
2017-01-06 15:15:00,82.073
2017-01-06 15:30:00,81.281
2017-01-06 15:45:00,80.16
2017-01-06 16:00:00,79.131
2017-01-06 16:15:00,78.488
2017-01-06 16:30:00,77.934
2017-01-06 16:45:00,77.021
2017-01-06 17:00:00,76.501
2017-01-06 17:15:00,76.456
2017-01-06 17:30:00,75.661
2017-01-06 17:45:00,76.078
2017-01-06 18:00:00,76.114
2017-01-06 18:15:00,75.785
2017-01-06 18:30:00,75.665
2017-01-06 18:45:00,75.625
2017-01-06 19:00:00,75.112
2017-01-06 19:15:00,75.13
2017-01-06 19:30:00,74.645
2017-01-06 19:45:00,74.546
2017-01-06 20:00:00,73.821
2017-01-06 20:15:00,73.769
2017-01-06 20:30:00,73.299
2017-01-06 20:45:00,74.686
2017-01-06 21:00:00,74.941
2017-01-06 21:15:00,75.199
2017-01-06 21:30:00,75.441
2017-01-06 21:45:00,75.75
2017-01-06 22:00:00,76.045
2017-01-06 22:15:00,76.302
2017-01-06 22:30:00,76.499
2017-01-06 22:45:00,77.2
2017-01-06 23:00:00,77.451
2017-01-06 23:15:00,77.959
2017-01-06 23:30:00,78.5
2017-01-06 23:45:00,78.803
2017-01-07 00:00:00,79.4
2017-01-07 00:15:00,79.839
2017-01-07 00:30:00,80.231
2017-01-07 00:45:00,80.723
2017-01-07 01:00:00,81.133
2017-01-07 01:15:00,81.582
2017-01-07 01:30:00,81.989
2017-01-07 01:45:00,82.374
2017-01-07 02:00:00,82.753
2017-01-07 02:15:00,83.114
2017-01-07 02:30:00,83.445
2017-01-07 02:45:00,83.639
2017-01-07 03:00:00,83.919
2017-01-07 03:15:00,83.998
2017-01-07 03:30:00,83.961
2017-01-07 03:45:00,83.956
2017-01-07 04:00:00,84.063
2017-01-07 04:15:00,82.182
2017-01-07 04:30:00,81.673
2017-01-07 04:45:00,80.933
2017-01-07 05:00:00,80.618
2017-01-07 05:15:00,80.219
2017-01-07 05:30:00,79.302
2017-01-07 05:45:00,79.211
2017-01-07 06:00:00,79.037
2017-01-07 06:15:00,78.733
2017-01-07 06:30:00,78.608
2017-01-07 06:45:00,78.22
2017-01-07 07:00:00,77.916
2017-01-07 07:15:00,77.548
2017-01-07 07:30:00,77.374
2017-01-07 07:45:00,76.91
2017-01-07 08:00:00,76.57
2017-01-07 08:15:00,76.48
2017-01-07 08:30:00,75.991
2017-01-07 08:45:00,75.379
2017-01-07 09:00:00,75.228
2017-01-07 09:15:00,74.728
2017-01-07 09:30:00,74.694
2017-01-07 09:45:00,74.085
2017-01-07 10:00:00,74.168
2017-01-07 10:15:00,73.936
2017-01-07 10:30:00,75.288
2017-01-07 10:45:00,75.822
2017-01-07 11:00:00,76.048
2017-01-07 11:15:00,76.676
2017-01-07 11:30:00,77.139
2017-01-07 11:45:00,77.532
2017-01-07 12:00:00,77.995
2017-01-07 12:15:00,78.402
2017-01-07 12:30:00,78.862
2017-01-07 12:45:00,79.303
2017-01-07 13:00:00,79.747
2017-01-07 13:15:00,80.177
2017-01-07 13:30:00,80.572
2017-01-07 13:45:00,80.993
2017-01-07 14:00:00,81.416
2017-01-07 14:15:00,81.77
2017-01-07 14:30:00,82.135
2017-01-07 14:45:00,82.48
2017-01-07 15:00:00,82.823
2017-01-07 15:15:00,83.128
2017-01-07 15:30:00,83.3
2017-01-07 15:45:00,83.404
2017-01-07 16:00:00,83.613
2017-01-07 16:15:00,83.477
2017-01-07 16:30:00,83.331
2017-01-07 16:45:00,83.426
2017-01-07 17:00:00,83.254
2017-01-07 17:15:00,83.695
2017-01-07 17:30:00,82.01
2017-01-07 17:45:00,81.401
2017-01-07 18:00:00,81.234
2017-01-07 18:15:00,81.0
2017-01-07 18:30:00,80.776
2017-01-07 18:45:00,80.701
2017-01-07 19:00:00,80.251
2017-01-07 19:15:00,80.09
2017-01-07 19:30:00,79.721
2017-01-07 19:45:00,79.654
2017-01-07 20:00:00,79.25
2017-01-07 20:15:00,79.099
2017-01-07 20:30:00,78.411
2017-01-07 20:45:00,78.003
2017-01-07 21:00:00,77.73
2017-01-07 21:15:00,77.22
2017-01-07 21:30:00,76.694
2017-01-07 21:45:00,76.605
2017-01-07 22:00:00,76.197
2017-01-07 22:15:00,75.735
2017-01-07 22:30:00,75.595
2017-01-07 22:45:00,75.62
2017-01-07 23:00:00,75.446
2017-01-07 23:15:00,75.471
2017-01-07 23:30:00,75.451
2017-01-07 23:45:00,75.491
2017-01-08 00:00:00,75.565
2017-01-08 00:15:00,75.541
2017-01-08 00:30:00,75.51
2017-01-08 00:45:00,76.569
2017-01-08 01:00:00,77.091
2017-01-08 01:15:00,77.559
2017-01-08 01:30:00,77.98
2017-01-08 01:45:00,78.396
2017-01-08 02:00:00,78.702
2017-01-08 02:15:00,79.054
2017-01-08 02:30:00,79.313
2017-01-08 02:45:00,79.532
2017-01-08 03:00:00,79.587
2017-01-08 03:15:00,79.643
2017-01-08 03:30:00,79.459
2017-01-08 03:45:00,79.253
2017-01-08 04:00:00,79.073
2017-01-08 04:15:00,78.654
2017-01-08 04:30:00,78.586
2017-01-08 04:45:00,78.367
2017-01-08 05:00:00,78.624
2017-01-08 05:15:00,78.501
2017-01-08 05:30:00,78.417
2017-01-08 05:45:00,79.16
2017-01-08 06:00:00,79.651
2017-01-08 06:15:00,80.242
2017-01-08 06:30:00,80.296
2017-01-08 06:45:00,80.854
2017-01-08 07:00:00,81.476
2017-01-08 07:15:00,81.676
2017-01-08 07:30:00,82.107
2017-01-08 07:45:00,82.484
2017-01-08 08:00:00,82.678
2017-01-08 08:15:00,82.91
2017-01-08 08:30:00,82.995
2017-01-08 08:45:00,82.972
2017-01-08 09:00:00,83.153
2017-01-08 09:15:00,83.062
2017-01-08 09:30:00,82.895
2017-01-08 09:45:00,83.424
2017-01-08 10:00:00,81.862
2017-01-08 10:15:00,81.383
2017-01-08 10:30:00,81.146
2017-01-08 10:45:00,81.336
2017-01-08 11:00:00,81.16
2017-01-08 11:15:00,81.256
2017-01-08 11:30:00,81.383
2017-01-08 11:45:00,81.341
2017-01-08 12:00:00,81.438
2017-01-08 12:15:00,81.528
2017-01-08 12:30:00,81.474
2017-01-08 12:45:00,81.437
2017-01-08 13:00:00,81.393
2017-01-08 13:15:00,81.268
2017-01-08 13:30:00,81.139
2017-01-08 13:45:00,80.978
2017-01-08 14:00:00,80.76
2017-01-08 14:15:00,80.303
2017-01-08 14:30:00,79.984
2017-01-08 14:45:00,79.585
2017-01-08 15:00:00,79.024
2017-01-08 15:15:00,78.325
2017-01-08 15:30:00,77.449
2017-01-08 15:45:00,76.978
2017-01-08 16:00:00,75.973
2017-01-08 16:15:00,75.426
2017-01-08 16:30:00,74.705
2017-01-08 16:45:00,74.455
2017-01-08 17:00:00,73.809
2017-01-08 17:15:00,73.335
2017-01-08 17:30:00,73.101
2017-01-08 17:45:00,72.676
2017-01-08 18:00:00,74.052
2017-01-08 18:15:00,74.606
2017-01-08 18:30:00,75.027
2017-01-08 18:45:00,75.38
2017-01-08 19:00:00,75.641
2017-01-08 19:15:00,76.103
2017-01-08 19:30:00,76.636
2017-01-08 19:45:00,76.994
2017-01-08 20:00:00,77.013
2017-01-08 20:15:00,77.168
2017-01-08 20:30:00,77.366
2017-01-08 20:45:00,77.47
2017-01-08 21:00:00,77.603
2017-01-08 21:15:00,77.602
2017-01-08 21:30:00,77.726
2017-01-08 21:45:00,77.557
2017-01-08 22:00:00,77.973
2017-01-08 22:15:00,78.317
2017-01-08 22:30:00,78.487
2017-01-08 22:45:00,78.987
2017-01-08 23:00:00,79.325
2017-01-08 23:15:00,80.034
2017-01-08 23:30:00,80.518
2017-01-08 23:45:00,81.081
2017-01-09 00:00:00,81.533
2017-01-09 00:15:00,82.052
2017-01-09 00:30:00,82.544
2017-01-09 00:45:00,82.963
2017-01-09 01:00:00,83.412
2017-01-09 01:15:00,83.803
2017-01-09 01:30:00,84.204
2017-01-09 01:45:00,84.561
2017-01-09 02:00:00,84.867
2017-01-09 02:15:00,85.148
2017-01-09 02:30:00,84.132
2017-01-09 02:45:00,83.499
2017-01-09 03:00:00,82.914
2017-01-09 03:15:00,82.273
2017-01-09 03:30:00,81.61
2017-01-09 03:45:00,80.824
2017-01-09 04:00:00,80.173
2017-01-09 04:15:00,79.405
2017-01-09 04:30:00,78.984
2017-01-09 04:45:00,78.142
2017-01-09 05:00:00,77.986
2017-01-09 05:15:00,77.354
2017-01-09 05:30:00,77.005
2017-01-09 05:45:00,76.799
2017-01-09 06:00:00,76.579
2017-01-09 06:15:00,76.249
2017-01-09 06:30:00,76.24
2017-01-09 06:45:00,75.786
2017-01-09 07:00:00,75.84
2017-01-09 07:15:00,75.643
2017-01-09 07:30:00,75.441
2017-01-09 07:45:00,75.198
2017-01-09 08:00:00,74.562
2017-01-09 08:15:00,73.966
2017-01-09 08:30:00,73.82
2017-01-09 08:45:00,73.162
2017-01-09 09:00:00,74.471
2017-01-09 09:15:00,74.869
2017-01-09 09:30:00,75.138
2017-01-09 09:45:00,75.086
2017-01-09 10:00:00,75.534
2017-01-09 10:15:00,75.691
2017-01-09 10:30:00,75.847
2017-01-09 10:45:00,76.485
2017-01-09 11:00:00,76.654
2017-01-09 11:15:00,77.326
2017-01-09 11:30:00,77.919
2017-01-09 11:45:00,78.486
2017-01-09 12:00:00,79.059
2017-01-09 12:15:00,79.527
2017-01-09 12:30:00,80.024
2017-01-09 12:45:00,80.473
2017-01-09 13:00:00,80.911
2017-01-09 13:15:00,81.384
2017-01-09 13:30:00,81.778
2017-01-09 13:45:00,82.128
2017-01-09 14:00:00,82.477
2017-01-09 14:15:00,82.786
2017-01-09 14:30:00,82.979
2017-01-09 14:45:00,83.158
2017-01-09 15:00:00,83.107
2017-01-09 15:15:00,82.966
2017-01-09 15:30:00,82.974
2017-01-09 15:45:00,82.416
2017-01-09 16:00:00,82.658
2017-01-09 16:15:00,82.438
2017-01-09 16:30:00,82.449
2017-01-09 16:45:00,81.982
2017-01-09 17:00:00,82.216
2017-01-09 17:15:00,82.396
2017-01-09 17:30:00,81.325
2017-01-09 17:45:00,80.823
2017-01-09 18:00:00,80.944
2017-01-09 18:15:00,80.743
2017-01-09 18:30:00,80.664
2017-01-09 18:45:00,80.24
2017-01-09 19:00:00,80.391
2017-01-09 19:15:00,79.881
2017-01-09 19:30:00,79.74
2017-01-09 19:45:00,79.195
2017-01-09 20:00:00,78.867
2017-01-09 20:15:00,78.528
2017-01-09 20:30:00,77.961
2017-01-09 20:45:00,77.549
2017-01-09 21:00:00,77.018
2017-01-09 21:15:00,76.753
2017-01-09 21:30:00,75.948
2017-01-09 21:45:00,75.394
2017-01-09 22:00:00,75.393
2017-01-09 22:15:00,75.056
2017-01-09 22:30:00,74.906
2017-01-09 22:45:00,74.579
2017-01-09 23:00:00,74.489
2017-01-09 23:15:00,74.401
2017-01-09 23:30:00,74.516
2017-01-09 23:45:00,74.699
2017-01-10 00:00:00,76.167
2017-01-10 00:15:00,76.717
2017-01-10 00:30:00,77.173
2017-01-10 00:45:00,77.646
2017-01-10 01:00:00,78.101
2017-01-10 01:15:00,78.558
2017-01-10 01:30:00,79.0
2017-01-10 01:45:00,79.361
2017-01-10 02:00:00,79.675
2017-01-10 02:15:00,79.952
2017-01-10 02:30:00,80.071
2017-01-10 02:45:00,80.135
2017-01-10 03:00:00,80.001
2017-01-10 03:15:00,79.79
2017-01-10 03:30:00,79.301
2017-01-10 03:45:00,79.247
2017-01-10 04:00:00,78.786
2017-01-10 04:15:00,78.303
2017-01-10 04:30:00,78.14
2017-01-10 04:45:00,78.173
2017-01-10 05:00:00,78.806
2017-01-10 05:15:00,78.472
2017-01-10 05:30:00,79.357
2017-01-10 05:45:00,79.467
2017-01-10 06:00:00,79.497
2017-01-10 06:15:00,80.141
2017-01-10 06:30:00,80.578
2017-01-10 06:45:00,80.862
2017-01-10 07:00:00,81.275
2017-01-10 07:15:00,81.733
2017-01-10 07:30:00,81.903
2017-01-10 07:45:00,81.886
2017-01-10 08:00:00,82.116
2017-01-10 08:15:00,82.485
2017-01-10 08:30:00,82.564
2017-01-10 08:45:00,82.437
2017-01-10 09:00:00,82.87
2017-01-10 09:15:00,82.869
2017-01-10 09:30:00,82.795
2017-01-10 09:45:00,83.126
2017-01-10 10:00:00,83.048
2017-01-10 10:15:00,81.845
2017-01-10 10:30:00,81.63
2017-01-10 10:45:00,81.584
2017-01-10 11:00:00,81.534
2017-01-10 11:15:00,81.519
2017-01-10 11:30:00,81.492
2017-01-10 11:45:00,81.424
2017-01-10 12:00:00,81.391
2017-01-10 12:15:00,81.342
2017-01-10 12:30:00,81.296
2017-01-10 12:45:00,81.294
2017-01-10 13:00:00,81.178
2017-01-10 13:15:00,81.161
2017-01-10 13:30:00,81.043
2017-01-10 13:45:00,80.913
2017-01-10 14:00:00,80.741
2017-01-10 14:15:00,80.504
2017-01-10 14:30:00,80.197
2017-01-10 14:45:00,79.737
2017-01-10 15:00:00,79.275
2017-01-10 15:15:00,78.868
2017-01-10 15:30:00,78.486
2017-01-10 15:45:00,77.533
2017-01-10 16:00:00,76.647
2017-01-10 16:15:00,76.432
2017-01-10 16:30:00,75.59
2017-01-10 16:45:00,75.358
2017-01-10 17:00:00,74.545
2017-01-10 17:15:00,73.808
2017-01-10 17:30:00,73.692
2017-01-10 17:45:00,73.235
2017-01-10 18:00:00,72.59
2017-01-10 18:15:00,74.084
2017-01-10 18:30:00,74.542
2017-01-10 18:45:00,74.917
2017-01-10 19:00:00,75.162
2017-01-10 19:15:00,75.538
2017-01-10 19:30:00,75.664
2017-01-10 19:45:00,76.109
2017-01-10 20:00:00,76.157
2017-01-10 20:15:00,76.305
2017-01-10 20:30:00,76.625
2017-01-10 20:45:00,76.494
2017-01-10 21:00:00,76.832
2017-01-10 21:15:00,77.122
2017-01-10 21:30:00,77.255
2017-01-10 21:45:00,77.514
2017-01-10 22:00:00,78.032
2017-01-10 22:15:00,78.504
2017-01-10 22:30:00,78.807
2017-01-10 22:45:00,79.083
2017-01-10 23:00:00,79.711
2017-01-10 23:15:00,80.042
2017-01-10 23:30:00,80.728
2017-01-10 23:45:00,81.007
2017-01-11 00:00:00,81.523
2017-01-11 00:15:00,81.898
2017-01-11 00:30:00,82.27
2017-01-11 00:45:00,82.764
2017-01-11 01:00:00,83.16
2017-01-11 01:15:00,83.52
2017-01-11 01:30:00,83.979
2017-01-11 01:45:00,84.329
2017-01-11 02:00:00,84.746
2017-01-11 02:15:00,85.066
2017-01-11 02:30:00,85.433
2017-01-11 02:45:00,84.408
2017-01-11 03:00:00,84.075
2017-01-11 03:15:00,83.72
2017-01-11 03:30:00,83.212
2017-01-11 03:45:00,82.758
2017-01-11 04:00:00,82.28
2017-01-11 04:15:00,81.835
2017-01-11 04:30:00,81.159
2017-01-11 04:45:00,80.526
2017-01-11 05:00:00,80.068
2017-01-11 05:15:00,79.56
2017-01-11 05:30:00,78.621
2017-01-11 05:45:00,78.403
2017-01-11 06:00:00,78.072
2017-01-11 06:15:00,77.863
2017-01-11 06:30:00,77.345
2017-01-11 06:45:00,77.397
2017-01-11 07:00:00,76.908
2017-01-11 07:15:00,76.863
2017-01-11 07:30:00,76.696
2017-01-11 07:45:00,76.366
2017-01-11 08:00:00,75.889
2017-01-11 08:15:00,75.727
2017-01-11 08:30:00,75.301
2017-01-11 08:45:00,74.826
2017-01-11 09:00:00,74.474
2017-01-11 09:15:00,74.168
2017-01-11 09:30:00,73.564
2017-01-11 09:45:00,73.158
2017-01-11 10:00:00,74.857
2017-01-11 10:15:00,75.206
2017-01-11 10:30:00,75.204
2017-01-11 10:45:00,75.948
2017-01-11 11:00:00,76.493
2017-01-11 11:15:00,76.867
2017-01-11 11:30:00,77.291
2017-01-11 11:45:00,77.826
2017-01-11 12:00:00,78.477
2017-01-11 12:15:00,78.951
2017-01-11 12:30:00,79.414
2017-01-11 12:45:00,79.858
2017-01-11 13:00:00,80.338
2017-01-11 13:15:00,80.79
2017-01-11 13:30:00,81.199
2017-01-11 13:45:00,81.543
2017-01-11 14:00:00,81.888
2017-01-11 14:15:00,82.208
2017-01-11 14:30:00,82.43
2017-01-11 14:45:00,82.591
2017-01-11 15:00:00,82.664
2017-01-11 15:15:00,82.55
2017-01-11 15:30:00,82.377
2017-01-11 15:45:00,82.333
2017-01-11 16:00:00,82.284
2017-01-11 16:15:00,81.716
2017-01-11 16:30:00,81.477
2017-01-11 16:45:00,80.979
2017-01-11 17:00:00,81.325
2017-01-11 17:15:00,81.285
2017-01-11 17:30:00,81.355
2017-01-11 17:45:00,81.42
2017-01-11 18:00:00,82.352
2017-01-11 18:15:00,82.62
2017-01-11 18:30:00,83.005
2017-01-11 18:45:00,82.012
2017-01-11 19:00:00,82.034
2017-01-11 19:15:00,81.63
2017-01-11 19:30:00,81.795
2017-01-11 19:45:00,81.627
2017-01-11 20:00:00,81.082
2017-01-11 20:15:00,80.84
2017-01-11 20:30:00,80.502
2017-01-11 20:45:00,80.019
2017-01-11 21:00:00,79.518
2017-01-11 21:15:00,78.752
2017-01-11 21:30:00,78.46
2017-01-11 21:45:00,78.067
2017-01-11 22:00:00,77.736
2017-01-11 22:15:00,77.575
2017-01-11 22:30:00,76.838
2017-01-11 22:45:00,76.949
2017-01-11 23:00:00,76.819
2017-01-11 23:15:00,76.769
2017-01-11 23:30:00,76.719
2017-01-11 23:45:00,76.695
2017-01-12 00:00:00,76.889
2017-01-12 00:15:00,76.987
2017-01-12 00:30:00,76.971
2017-01-12 00:45:00,76.972
2017-01-12 01:00:00,76.915
2017-01-12 01:15:00,76.799
2017-01-12 01:30:00,76.665
2017-01-12 01:45:00,76.455
2017-01-12 02:00:00,76.197
2017-01-12 02:15:00,75.844
2017-01-12 02:30:00,75.417
2017-01-12 02:45:00,75.043
2017-01-12 03:00:00,75.825
2017-01-12 03:15:00,75.913
2017-01-12 03:30:00,75.785
2017-01-12 03:45:00,75.387
2017-01-12 04:00:00,75.465
2017-01-12 04:15:00,75.248
2017-01-12 04:30:00,75.216
2017-01-12 04:45:00,75.249
2017-01-12 05:00:00,75.088
2017-01-12 05:15:00,75.26
2017-01-12 05:30:00,75.481
2017-01-12 05:45:00,76.231
2017-01-12 06:00:00,76.308
2017-01-12 06:15:00,76.745
2017-01-12 06:30:00,77.142
2017-01-12 06:45:00,77.801
2017-01-12 07:00:00,78.017
2017-01-12 07:15:00,78.354
2017-01-12 07:30:00,78.667
2017-01-12 07:45:00,78.983
2017-01-12 08:00:00,79.123
2017-01-12 08:15:00,79.301
2017-01-12 08:30:00,79.438
2017-01-12 08:45:00,79.433
2017-01-12 09:00:00,79.497
2017-01-12 09:15:00,79.463
2017-01-12 09:30:00,79.548
2017-01-12 09:45:00,79.671
2017-01-12 10:00:00,79.369
2017-01-12 10:15:00,79.682
2017-01-12 10:30:00,80.156
2017-01-12 10:45:00,80.775
2017-01-12 11:00:00,81.272
2017-01-12 11:15:00,81.949
2017-01-12 11:30:00,82.318
2017-01-12 11:45:00,82.957
2017-01-12 12:00:00,83.472
2017-01-12 12:15:00,83.885
2017-01-12 12:30:00,84.395
2017-01-12 12:45:00,84.842
2017-01-12 13:00:00,85.259
2017-01-12 13:15:00,84.73
2017-01-12 13:30:00,84.548
2017-01-12 13:45:00,84.321
2017-01-12 14:00:00,84.144
2017-01-12 14:15:00,83.655
2017-01-12 14:30:00,83.209
2017-01-12 14:45:00,82.686
2017-01-12 15:00:00,82.148
2017-01-12 15:15:00,81.093
2017-01-12 15:30:00,80.66
2017-01-12 15:45:00,80.215
2017-01-12 16:00:00,79.149
2017-01-12 16:15:00,78.857
2017-01-12 16:30:00,78.145
2017-01-12 16:45:00,77.294
2017-01-12 17:00:00,77.01
2017-01-12 17:15:00,76.41
2017-01-12 17:30:00,76.069
2017-01-12 17:45:00,75.813
2017-01-12 18:00:00,75.514
2017-01-12 18:15:00,75.474
2017-01-12 18:30:00,75.083
2017-01-12 18:45:00,75.041
2017-01-12 19:00:00,74.518
2017-01-12 19:15:00,74.338
2017-01-12 19:30:00,74.164
2017-01-12 19:45:00,73.975
2017-01-12 20:00:00,73.387
2017-01-12 20:15:00,75.006
2017-01-12 20:30:00,74.925
2017-01-12 20:45:00,75.435
2017-01-12 21:00:00,75.365
2017-01-12 21:15:00,75.401
2017-01-12 21:30:00,75.758
2017-01-12 21:45:00,75.551
2017-01-12 22:00:00,75.999
2017-01-12 22:15:00,75.739
2017-01-12 22:30:00,76.131
2017-01-12 22:45:00,76.805
2017-01-12 23:00:00,77.273
2017-01-12 23:15:00,77.731
2017-01-12 23:30:00,78.372
2017-01-12 23:45:00,78.827
2017-01-13 00:00:00,79.604
2017-01-13 00:15:00,80.039
2017-01-13 00:30:00,80.531
2017-01-13 00:45:00,80.989
2017-01-13 01:00:00,81.473
2017-01-13 01:15:00,81.862
2017-01-13 01:30:00,82.299
2017-01-13 01:45:00,82.647
2017-01-13 02:00:00,82.951
2017-01-13 02:15:00,83.212
2017-01-13 02:30:00,83.484
2017-01-13 02:45:00,83.334
2017-01-13 03:00:00,83.458
2017-01-13 03:15:00,83.232
2017-01-13 03:30:00,83.059
2017-01-13 03:45:00,83.076
2017-01-13 04:00:00,82.888
2017-01-13 04:15:00,82.553
2017-01-13 04:30:00,82.495
2017-01-13 04:45:00,80.596
2017-01-13 05:00:00,80.436
2017-01-13 05:15:00,80.092
2017-01-13 05:30:00,79.718
2017-01-13 05:45:00,79.323
2017-01-13 06:00:00,52.735
2017-01-13 06:15:00,52.202
2017-01-13 06:30:00,51.497
2017-01-13 06:45:00,51.136
2017-01-13 07:00:00,50.255
2017-01-13 07:15:00,49.226
2017-01-13 07:30:00,50.295
2017-01-13 07:45:00,50.158
2017-01-13 08:00:00,49.281
2017-01-13 08:15:00,49.058
2017-01-13 08:30:00,12.534
2017-01-13 08:45:00,12.381
2017-01-13 09:00:00,11.151
2017-01-13 09:15:00,11.711
2017-01-13 09:30:00,11.386
2017-01-13 09:45:00,11.135
2017-01-13 10:00:00,10.994
2017-01-13 10:15:00,11.358
2017-01-13 10:30:00,11.653
2017-01-13 10:45:00,11.724
2017-01-13 11:00:00,13.342
2017-01-13 11:15:00,13.344
2017-01-13 11:30:00,14.865
2017-01-13 11:45:00,16.398
2017-01-13 12:00:00,18.395
2017-01-13 12:15:00,19.793
2017-01-13 12:30:00,22.057
2017-01-13 12:45:00,22.709
2017-01-13 13:00:00,23.653
2017-01-13 13:15:00,23.973
2017-01-13 13:30:00,23.945
2017-01-13 13:45:00,23.208
2017-01-13 14:00:00,21.667
2017-01-13 14:15:00,20.451
2017-01-13 14:30:00,18.279
2017-01-13 14:45:00,15.815
2017-01-13 15:00:00,13.943
2017-01-13 15:15:00,12.334
2017-01-13 15:30:00,11.312
2017-01-13 15:45:00,9.564
2017-01-13 16:00:00,9.618
2017-01-13 16:15:00,8.793
2017-01-13 16:30:00,8.106
2017-01-13 16:45:00,8.04
2017-01-13 17:00:00,8.227
2017-01-13 17:15:00,8.424
2017-01-13 17:30:00,8.575
2017-01-13 17:45:00,9.319
2017-01-13 18:00:00,9.527
2017-01-13 18:15:00,10.118
2017-01-13 18:30:00,10.374
2017-01-13 18:45:00,11.075
2017-01-13 19:00:00,12.044
2017-01-13 19:15:00,11.459
2017-01-13 19:30:00,11.937
2017-01-13 19:45:00,12.041
2017-01-13 20:00:00,12.251
2017-01-13 20:15:00,11.647
2017-01-13 20:30:00,11.83
2017-01-13 20:45:00,11.421
2017-01-13 21:00:00,11.782
2017-01-13 21:15:00,11.681
2017-01-13 21:30:00,11.604
2017-01-13 21:45:00,11.36
2017-01-13 22:00:00,11.371
2017-01-13 22:15:00,11.8
2017-01-13 22:30:00,12.033
2017-01-13 22:45:00,12.845
2017-01-13 23:00:00,13.474
2017-01-13 23:15:00,14.32
2017-01-13 23:30:00,15.065
2017-01-13 23:45:00,16.468
2017-01-14 00:00:00,17.155
2017-01-14 00:15:00,18.841
2017-01-14 00:30:00,20.125
2017-01-14 00:45:00,21.208
2017-01-14 01:00:00,22.188
2017-01-14 01:15:00,23.071
2017-01-14 01:30:00,23.769
2017-01-14 01:45:00,23.399
2017-01-14 02:00:00,23.24
2017-01-14 02:15:00,22.279
2017-01-14 02:30:00,21.127
2017-01-14 02:45:00,20.078
2017-01-14 03:00:00,18.24
2017-01-14 03:15:00,16.68
2017-01-14 03:30:00,15.463
2017-01-14 03:45:00,14.042
2017-01-14 04:00:00,12.996
2017-01-14 04:15:00,12.093
2017-01-14 04:30:00,11.007
2017-01-14 04:45:00,10.493
2017-01-14 05:00:00,10.027
2017-01-14 05:15:00,10.032
2017-01-14 05:30:00,10.286
2017-01-14 05:45:00,10.209
2017-01-14 06:00:00,10.614
2017-01-14 06:15:00,11.002
2017-01-14 06:30:00,10.78
2017-01-14 06:45:00,11.276
2017-01-14 07:00:00,11.364
2017-01-14 07:15:00,11.682
2017-01-14 07:30:00,11.373
2017-01-14 07:45:00,11.911
2017-01-14 08:00:00,11.55
2017-01-14 08:15:00,12.328
2017-01-14 08:30:00,11.279
2017-01-14 08:45:00,11.885
2017-01-14 09:00:00,11.958
2017-01-14 09:15:00,11.684
2017-01-14 09:30:00,12.043
2017-01-14 09:45:00,12.22
2017-01-14 10:00:00,12.676
2017-01-14 10:15:00,12.981
2017-01-14 10:30:00,13.744
2017-01-14 10:45:00,14.637
2017-01-14 11:00:00,15.286
2017-01-14 11:15:00,16.112
2017-01-14 11:30:00,17.083
2017-01-14 11:45:00,18.01
2017-01-14 12:00:00,19.44
2017-01-14 12:15:00,19.807
2017-01-14 12:30:00,21.021
2017-01-14 12:45:00,21.736
2017-01-14 13:00:00,22.407
2017-01-14 13:15:00,23.172
2017-01-14 13:30:00,23.224
2017-01-14 13:45:00,23.925
2017-01-14 14:00:00,23.426
2017-01-14 14:15:00,22.965
2017-01-14 14:30:00,22.555
2017-01-14 14:45:00,21.796
2017-01-14 15:00:00,21.272
2017-01-14 15:15:00,19.847
2017-01-14 15:30:00,18.181
2017-01-14 15:45:00,16.686
2017-01-14 16:00:00,15.207
2017-01-14 16:15:00,14.514
2017-01-14 16:30:00,13.673
2017-01-14 16:45:00,12.368
2017-01-14 17:00:00,12.148
2017-01-14 17:15:00,11.381
2017-01-14 17:30:00,11.251
2017-01-14 17:45:00,11.399
2017-01-14 18:00:00,11.317
2017-01-14 18:15:00,11.625
2017-01-14 18:30:00,11.906
2017-01-14 18:45:00,12.244
2017-01-14 19:00:00,12.077
2017-01-14 19:15:00,12.9
2017-01-14 19:30:00,13.011
2017-01-14 19:45:00,13.119
2017-01-14 20:00:00,13.464
2017-01-14 20:15:00,13.31
2017-01-14 20:30:00,13.317
2017-01-14 20:45:00,12.755
2017-01-14 21:00:00,12.478
2017-01-14 21:15:00,12.437
2017-01-14 21:30:00,11.966
2017-01-14 21:45:00,12.665
2017-01-14 22:00:00,12.028
2017-01-14 22:15:00,11.995
2017-01-14 22:30:00,12.736
2017-01-14 22:45:00,13.32
2017-01-14 23:00:00,14.04
2017-01-14 23:15:00,14.796
2017-01-14 23:30:00,16.365
2017-01-14 23:45:00,17.876
2017-01-15 00:00:00,19.705
2017-01-15 00:15:00,20.413
2017-01-15 00:30:00,22.117
2017-01-15 00:45:00,23.406
2017-01-15 01:00:00,24.474
2017-01-15 01:15:00,24.806
2017-01-15 01:30:00,24.761
2017-01-15 01:45:00,23.695
2017-01-15 02:00:00,23.0
2017-01-15 02:15:00,21.652
2017-01-15 02:30:00,19.952
2017-01-15 02:45:00,18.219
2017-01-15 03:00:00,16.255
2017-01-15 03:15:00,14.79
2017-01-15 03:30:00,12.801
2017-01-15 03:45:00,11.507
2017-01-15 04:00:00,10.588
2017-01-15 04:15:00,9.636
2017-01-15 04:30:00,9.263
2017-01-15 04:45:00,8.745
2017-01-15 05:00:00,8.582
2017-01-15 05:15:00,8.693
2017-01-15 05:30:00,9.054
2017-01-15 05:45:00,8.625
2017-01-15 06:00:00,9.827
2017-01-15 06:15:00,10.273
2017-01-15 06:30:00,10.876
2017-01-15 06:45:00,11.781
2017-01-15 07:00:00,12.426
2017-01-15 07:15:00,13.099
2017-01-15 07:30:00,13.312
2017-01-15 07:45:00,13.266
2017-01-15 08:00:00,13.89
2017-01-15 08:15:00,13.889
2017-01-15 08:30:00,13.686
2017-01-15 08:45:00,12.764
2017-01-15 09:00:00,12.369
2017-01-15 09:15:00,11.868
2017-01-15 09:30:00,11.59
2017-01-15 09:45:00,10.824
2017-01-15 10:00:00,11.295
2017-01-15 10:15:00,10.937
2017-01-15 10:30:00,11.768
2017-01-15 10:45:00,12.163
2017-01-15 11:00:00,12.591
2017-01-15 11:15:00,13.879
2017-01-15 11:30:00,15.716
2017-01-15 11:45:00,16.664
2017-01-15 12:00:00,17.983
2017-01-15 12:15:00,20.358
2017-01-15 12:30:00,21.871
2017-01-15 12:45:00,23.059
2017-01-15 13:00:00,23.875
2017-01-15 13:15:00,24.456
2017-01-15 13:30:00,24.462
2017-01-15 13:45:00,23.516
2017-01-15 14:00:00,23.083
2017-01-15 14:15:00,21.326
2017-01-15 14:30:00,19.717
2017-01-15 14:45:00,17.867
2017-01-15 15:00:00,15.948
2017-01-15 15:15:00,14.376
2017-01-15 15:30:00,13.163
2017-01-15 15:45:00,12.013
2017-01-15 16:00:00,10.859
2017-01-15 16:15:00,10.548
2017-01-15 16:30:00,9.949
2017-01-15 16:45:00,9.639
2017-01-15 17:00:00,9.122
2017-01-15 17:15:00,9.421
2017-01-15 17:30:00,9.826
2017-01-15 17:45:00,9.866
2017-01-15 18:00:00,10.318
2017-01-15 18:15:00,10.836
2017-01-15 18:30:00,11.327
2017-01-15 18:45:00,11.82
2017-01-15 19:00:00,12.539
2017-01-15 19:15:00,12.887
2017-01-15 19:30:00,12.943
2017-01-15 19:45:00,13.25
2017-01-15 20:00:00,12.931
2017-01-15 20:15:00,13.366
2017-01-15 20:30:00,12.245
2017-01-15 20:45:00,11.824
2017-01-15 21:00:00,11.713
2017-01-15 21:15:00,10.998
2017-01-15 21:30:00,11.195
2017-01-15 21:45:00,10.724
2017-01-15 22:00:00,10.26
2017-01-15 22:15:00,10.722
2017-01-15 22:30:00,10.693
2017-01-15 22:45:00,11.512
2017-01-15 23:00:00,12.374
2017-01-15 23:15:00,13.571
2017-01-15 23:30:00,15.424
2017-01-15 23:45:00,16.943
2017-01-16 00:00:00,18.289
2017-01-16 00:15:00,20.486
2017-01-16 00:30:00,21.456
2017-01-16 00:45:00,23.374
2017-01-16 01:00:00,24.333
2017-01-16 01:15:00,24.642
2017-01-16 01:30:00,24.286
2017-01-16 01:45:00,23.676
2017-01-16 02:00:00,22.522
2017-01-16 02:15:00,20.687
2017-01-16 02:30:00,18.851
2017-01-16 02:45:00,16.855
2017-01-16 03:00:00,15.31
2017-01-16 03:15:00,13.55
2017-01-16 03:30:00,12.893
2017-01-16 03:45:00,11.569
2017-01-16 04:00:00,11.322
2017-01-16 04:15:00,10.025
2017-01-16 04:30:00,9.477
2017-01-16 04:45:00,9.323
2017-01-16 05:00:00,9.231
2017-01-16 05:15:00,9.384
2017-01-16 05:30:00,8.95
2017-01-16 05:45:00,9.477
2017-01-16 06:00:00,10.194
2017-01-16 06:15:00,10.666
2017-01-16 06:30:00,10.652
2017-01-16 06:45:00,10.865
2017-01-16 07:00:00,11.546
2017-01-16 07:15:00,11.404
2017-01-16 07:30:00,12.268
2017-01-16 07:45:00,12.623
2017-01-16 08:00:00,11.853
2017-01-16 08:15:00,12.458
2017-01-16 08:30:00,11.969
2017-01-16 08:45:00,12.143
2017-01-16 09:00:00,11.485
2017-01-16 09:15:00,11.961
2017-01-16 09:30:00,11.264
2017-01-16 09:45:00,11.284
2017-01-16 10:00:00,10.975
2017-01-16 10:15:00,11.302
2017-01-16 10:30:00,11.09
2017-01-16 10:45:00,11.734
2017-01-16 11:00:00,12.966
2017-01-16 11:15:00,13.341
2017-01-16 11:30:00,15.19
2017-01-16 11:45:00,16.286
2017-01-16 12:00:00,18.047
2017-01-16 12:15:00,19.981
2017-01-16 12:30:00,21.322
2017-01-16 12:45:00,22.89
2017-01-16 13:00:00,23.703
2017-01-16 13:15:00,24.517
2017-01-16 13:30:00,24.411
2017-01-16 13:45:00,23.435
2017-01-16 14:00:00,22.242
2017-01-16 14:15:00,20.991
2017-01-16 14:30:00,19.297
2017-01-16 14:45:00,17.145
2017-01-16 15:00:00,15.198
2017-01-16 15:15:00,14.402
2017-01-16 15:30:00,12.206
2017-01-16 15:45:00,11.54
2017-01-16 16:00:00,10.794
2017-01-16 16:15:00,10.1
2017-01-16 16:30:00,9.716
2017-01-16 16:45:00,9.338
2017-01-16 17:00:00,9.744
2017-01-16 17:15:00,9.59
2017-01-16 17:30:00,9.776
2017-01-16 17:45:00,10.073
2017-01-16 18:00:00,10.699
2017-01-16 18:15:00,11.301
2017-01-16 18:30:00,11.36
2017-01-16 18:45:00,11.733
2017-01-16 19:00:00,12.393
2017-01-16 19:15:00,12.794
2017-01-16 19:30:00,12.658
2017-01-16 19:45:00,12.641
2017-01-16 20:00:00,12.748
2017-01-16 20:15:00,12.053
2017-01-16 20:30:00,11.843
2017-01-16 20:45:00,12.11
2017-01-16 21:00:00,11.51
2017-01-16 21:15:00,11.073
2017-01-16 21:30:00,11.395
2017-01-16 21:45:00,10.82
2017-01-16 22:00:00,11.509
2017-01-16 22:15:00,11.024
2017-01-16 22:30:00,11.317
2017-01-16 22:45:00,11.754
2017-01-16 23:00:00,12.692
2017-01-16 23:15:00,13.687
2017-01-16 23:30:00,14.828
2017-01-16 23:45:00,16.273
2017-01-17 00:00:00,17.925
2017-01-17 00:15:00,19.171
2017-01-17 00:30:00,20.713
2017-01-17 00:45:00,22.462
2017-01-17 01:00:00,23.624
2017-01-17 01:15:00,23.462
2017-01-17 01:30:00,23.697
2017-01-17 01:45:00,22.703
2017-01-17 02:00:00,21.801
2017-01-17 02:15:00,19.482
2017-01-17 02:30:00,17.504
2017-01-17 02:45:00,15.491
2017-01-17 03:00:00,13.989
2017-01-17 03:15:00,12.571
2017-01-17 03:30:00,10.566
2017-01-17 03:45:00,9.466
2017-01-17 04:00:00,8.904
2017-01-17 04:15:00,8.563
2017-01-17 04:30:00,7.832
2017-01-17 04:45:00,7.922
2017-01-17 05:00:00,7.75
2017-01-17 05:15:00,8.068
2017-01-17 05:30:00,8.641
2017-01-17 05:45:00,8.708
2017-01-17 06:00:00,8.871
2017-01-17 06:15:00,9.716
2017-01-17 06:30:00,10.331
2017-01-17 06:45:00,10.875
2017-01-17 07:00:00,11.05
2017-01-17 07:15:00,11.726
2017-01-17 07:30:00,11.822
2017-01-17 07:45:00,11.74
2017-01-17 08:00:00,11.847
2017-01-17 08:15:00,11.981
2017-01-17 08:30:00,11.488
2017-01-17 08:45:00,11.222
2017-01-17 09:00:00,11.424
2017-01-17 09:15:00,10.979
2017-01-17 09:30:00,11.234
2017-01-17 09:45:00,11.529
2017-01-17 10:00:00,11.783
2017-01-17 10:15:00,11.695
2017-01-17 10:30:00,11.694
2017-01-17 10:45:00,12.435
2017-01-17 11:00:00,13.012
2017-01-17 11:15:00,14.011
2017-01-17 11:30:00,15.014
2017-01-17 11:45:00,15.626
2017-01-17 12:00:00,16.976
2017-01-17 12:15:00,18.028
2017-01-17 12:30:00,19.593
2017-01-17 12:45:00,21.209
2017-01-17 13:00:00,21.532
2017-01-17 13:15:00,22.627
2017-01-17 13:30:00,22.921
2017-01-17 13:45:00,23.529
2017-01-17 14:00:00,23.137
2017-01-17 14:15:00,22.284
2017-01-17 14:30:00,20.791
2017-01-17 14:45:00,19.685
2017-01-17 15:00:00,18.178
2017-01-17 15:15:00,16.328
2017-01-17 15:30:00,14.815
2017-01-17 15:45:00,13.493
2017-01-17 16:00:00,12.518
2017-01-17 16:15:00,11.47
2017-01-17 16:30:00,10.695
2017-01-17 16:45:00,10.218
2017-01-17 17:00:00,9.976
2017-01-17 17:15:00,9.844
2017-01-17 17:30:00,10.072
2017-01-17 17:45:00,9.758
2017-01-17 18:00:00,10.592
2017-01-17 18:15:00,10.306
2017-01-17 18:30:00,10.931
2017-01-17 18:45:00,10.977
2017-01-17 19:00:00,10.851
2017-01-17 19:15:00,10.795
2017-01-17 19:30:00,11.972
2017-01-17 19:45:00,11.411
2017-01-17 20:00:00,11.632
2017-01-17 20:15:00,11.365
2017-01-17 20:30:00,11.377
2017-01-17 20:45:00,11.446
2017-01-17 21:00:00,11.561
2017-01-17 21:15:00,11.355
2017-01-17 21:30:00,11.581
2017-01-17 21:45:00,11.683
2017-01-17 22:00:00,12.172
2017-01-17 22:15:00,13.095
2017-01-17 22:30:00,13.085
2017-01-17 22:45:00,14.257
2017-01-17 23:00:00,14.742
2017-01-17 23:15:00,15.659
2017-01-17 23:30:00,16.603
2017-01-17 23:45:00,17.372
2017-01-18 00:00:00,18.379
2017-01-18 00:15:00,19.689
2017-01-18 00:30:00,20.683
2017-01-18 00:45:00,21.337
2017-01-18 01:00:00,21.748
2017-01-18 01:15:00,22.958
2017-01-18 01:30:00,23.266
2017-01-18 01:45:00,23.495
2017-01-18 02:00:00,23.375
2017-01-18 02:15:00,23.155
2017-01-18 02:30:00,22.419
2017-01-18 02:45:00,21.48
2017-01-18 03:00:00,20.672
2017-01-18 03:15:00,19.819
2017-01-18 03:30:00,18.216
2017-01-18 03:45:00,16.654
2017-01-18 04:00:00,15.173
2017-01-18 04:15:00,14.183
2017-01-18 04:30:00,13.311
2017-01-18 04:45:00,12.272
2017-01-18 05:00:00,11.432
2017-01-18 05:15:00,10.899
2017-01-18 05:30:00,11.114
2017-01-18 05:45:00,10.882
2017-01-18 06:00:00,10.939
2017-01-18 06:15:00,10.753
2017-01-18 06:30:00,11.194
2017-01-18 06:45:00,11.794
2017-01-18 07:00:00,12.077
2017-01-18 07:15:00,12.676
2017-01-18 07:30:00,12.569
2017-01-18 07:45:00,13.002
2017-01-18 08:00:00,12.64
2017-01-18 08:15:00,13.165
2017-01-18 08:30:00,12.324
2017-01-18 08:45:00,12.591
2017-01-18 09:00:00,12.565
2017-01-18 09:15:00,11.67
2017-01-18 09:30:00,11.987
2017-01-18 09:45:00,11.378
2017-01-18 10:00:00,11.356
2017-01-18 10:15:00,12.162
2017-01-18 10:30:00,12.123
2017-01-18 10:45:00,12.958
2017-01-18 11:00:00,13.319
2017-01-18 11:15:00,14.522
2017-01-18 11:30:00,16.429
2017-01-18 11:45:00,16.98
2017-01-18 12:00:00,18.933
2017-01-18 12:15:00,20.397
2017-01-18 12:30:00,22.392
2017-01-18 12:45:00,22.837
2017-01-18 13:00:00,24.053
2017-01-18 13:15:00,24.59
2017-01-18 13:30:00,24.302
2017-01-18 13:45:00,23.958
2017-01-18 14:00:00,22.625
2017-01-18 14:15:00,20.924
2017-01-18 14:30:00,19.687
2017-01-18 14:45:00,18.04
2017-01-18 15:00:00,16.234
2017-01-18 15:15:00,13.966
2017-01-18 15:30:00,12.619
2017-01-18 15:45:00,11.469
2017-01-18 16:00:00,10.442
2017-01-18 16:15:00,9.369
2017-01-18 16:30:00,9.094
2017-01-18 16:45:00,8.327
2017-01-18 17:00:00,8.505
2017-01-18 17:15:00,8.533
2017-01-18 17:30:00,8.428
2017-01-18 17:45:00,8.927
2017-01-18 18:00:00,9.41
2017-01-18 18:15:00,9.588
2017-01-18 18:30:00,10.595
2017-01-18 18:45:00,11.685
2017-01-18 19:00:00,12.267
2017-01-18 19:15:00,13.128
2017-01-18 19:30:00,13.342
2017-01-18 19:45:00,13.073
2017-01-18 20:00:00,13.762
2017-01-18 20:15:00,13.452
2017-01-18 20:30:00,12.866
2017-01-18 20:45:00,12.794
2017-01-18 21:00:00,12.251
2017-01-18 21:15:00,11.769
2017-01-18 21:30:00,11.059
2017-01-18 21:45:00,10.633
2017-01-18 22:00:00,11.058
2017-01-18 22:15:00,10.5
2017-01-18 22:30:00,11.751
2017-01-18 22:45:00,11.71
2017-01-18 23:00:00,12.436
2017-01-18 23:15:00,13.386
2017-01-18 23:30:00,14.785
2017-01-18 23:45:00,15.99
2017-01-19 00:00:00,18.35
2017-01-19 00:15:00,20.095
2017-01-19 00:30:00,21.239
2017-01-19 00:45:00,22.638
2017-01-19 01:00:00,23.691
2017-01-19 01:15:00,24.513
2017-01-19 01:30:00,24.386
2017-01-19 01:45:00,23.841
2017-01-19 02:00:00,22.63
2017-01-19 02:15:00,21.265
2017-01-19 02:30:00,19.204
2017-01-19 02:45:00,17.627
2017-01-19 03:00:00,15.566
2017-01-19 03:15:00,13.922
2017-01-19 03:30:00,12.645
2017-01-19 03:45:00,11.831
2017-01-19 04:00:00,10.495
2017-01-19 04:15:00,9.929
2017-01-19 04:30:00,9.663
2017-01-19 04:45:00,9.359
2017-01-19 05:00:00,8.882
2017-01-19 05:15:00,9.414
2017-01-19 05:30:00,9.517
2017-01-19 05:45:00,9.804
2017-01-19 06:00:00,10.392
2017-01-19 06:15:00,10.544
2017-01-19 06:30:00,10.538
2017-01-19 06:45:00,11.132
2017-01-19 07:00:00,12.627
2017-01-19 07:15:00,11.958
2017-01-19 07:30:00,12.395
2017-01-19 07:45:00,13.098
2017-01-19 08:00:00,12.573
2017-01-19 08:15:00,12.014
2017-01-19 08:30:00,12.257
2017-01-19 08:45:00,11.592
2017-01-19 09:00:00,11.364
2017-01-19 09:15:00,10.731
2017-01-19 09:30:00,10.657
2017-01-19 09:45:00,10.467
2017-01-19 10:00:00,10.868
2017-01-19 10:15:00,10.677
2017-01-19 10:30:00,10.838
2017-01-19 10:45:00,11.328
2017-01-19 11:00:00,12.407
2017-01-19 11:15:00,13.347
2017-01-19 11:30:00,14.707
2017-01-19 11:45:00,16.795
2017-01-19 12:00:00,18.675
2017-01-19 12:15:00,19.919
2017-01-19 12:30:00,22.051
2017-01-19 12:45:00,22.986
2017-01-19 13:00:00,23.578
2017-01-19 13:15:00,24.328
2017-01-19 13:30:00,23.728
2017-01-19 13:45:00,23.611
2017-01-19 14:00:00,22.26
2017-01-19 14:15:00,20.419
2017-01-19 14:30:00,18.792
2017-01-19 14:45:00,16.917
2017-01-19 15:00:00,15.114
2017-01-19 15:15:00,13.55
2017-01-19 15:30:00,12.445
2017-01-19 15:45:00,11.025
2017-01-19 16:00:00,10.575
2017-01-19 16:15:00,9.603
2017-01-19 16:30:00,9.024
2017-01-19 16:45:00,9.02
2017-01-19 17:00:00,9.123
2017-01-19 17:15:00,9.213
2017-01-19 17:30:00,8.883
2017-01-19 17:45:00,9.547
2017-01-19 18:00:00,9.737
2017-01-19 18:15:00,10.223
2017-01-19 18:30:00,10.62
2017-01-19 18:45:00,11.095
2017-01-19 19:00:00,11.096
2017-01-19 19:15:00,11.326
2017-01-19 19:30:00,11.993
2017-01-19 19:45:00,12.054
2017-01-19 20:00:00,12.278
2017-01-19 20:15:00,11.74
2017-01-19 20:30:00,12.36
2017-01-19 20:45:00,11.538
2017-01-19 21:00:00,11.583
2017-01-19 21:15:00,11.233
2017-01-19 21:30:00,11.217
2017-01-19 21:45:00,10.632
2017-01-19 22:00:00,10.743
2017-01-19 22:15:00,10.783
2017-01-19 22:30:00,10.95
2017-01-19 22:45:00,11.465
2017-01-19 23:00:00,12.623
2017-01-19 23:15:00,13.697
2017-01-19 23:30:00,14.726
2017-01-19 23:45:00,16.014
2017-01-20 00:00:00,18.085
2017-01-20 00:15:00,19.552
2017-01-20 00:30:00,21.405
2017-01-20 00:45:00,23.015
2017-01-20 01:00:00,23.684
2017-01-20 01:15:00,24.455
2017-01-20 01:30:00,24.298
2017-01-20 01:45:00,23.431
2017-01-20 02:00:00,22.169
2017-01-20 02:15:00,20.216
2017-01-20 02:30:00,18.736
2017-01-20 02:45:00,16.678
2017-01-20 03:00:00,15.67
2017-01-20 03:15:00,13.445
2017-01-20 03:30:00,12.181
2017-01-20 03:45:00,11.161
2017-01-20 04:00:00,9.883
2017-01-20 04:15:00,9.369
2017-01-20 04:30:00,9.381
2017-01-20 04:45:00,9.652
2017-01-20 05:00:00,9.265
2017-01-20 05:15:00,9.508
2017-01-20 05:30:00,9.397
2017-01-20 05:45:00,9.509
2017-01-20 06:00:00,10.095
2017-01-20 06:15:00,10.917
2017-01-20 06:30:00,11.279
2017-01-20 06:45:00,11.442
2017-01-20 07:00:00,11.907
2017-01-20 07:15:00,12.41
2017-01-20 07:30:00,12.371
2017-01-20 07:45:00,12.452
2017-01-20 08:00:00,12.431
2017-01-20 08:15:00,11.319
2017-01-20 08:30:00,11.605
2017-01-20 08:45:00,11.387
2017-01-20 09:00:00,10.873
2017-01-20 09:15:00,10.889
2017-01-20 09:30:00,10.931
2017-01-20 09:45:00,10.478
2017-01-20 10:00:00,10.298
2017-01-20 10:15:00,10.689
2017-01-20 10:30:00,11.057
2017-01-20 10:45:00,11.602
2017-01-20 11:00:00,12.56
2017-01-20 11:15:00,13.125
2017-01-20 11:30:00,14.949
2017-01-20 11:45:00,15.794
2017-01-20 12:00:00,17.333
2017-01-20 12:15:00,19.223
2017-01-20 12:30:00,20.864
2017-01-20 12:45:00,22.553
2017-01-20 13:00:00,23.353
2017-01-20 13:15:00,23.432
2017-01-20 13:30:00,23.715
2017-01-20 13:45:00,22.757
2017-01-20 14:00:00,21.417
2017-01-20 14:15:00,19.688
2017-01-20 14:30:00,17.252
2017-01-20 14:45:00,15.18
2017-01-20 15:00:00,13.044
2017-01-20 15:15:00,11.65
2017-01-20 15:30:00,10.501
2017-01-20 15:45:00,9.413
2017-01-20 16:00:00,8.822
2017-01-20 16:15:00,7.876
2017-01-20 16:30:00,7.839
2017-01-20 16:45:00,7.581
2017-01-20 17:00:00,7.404
2017-01-20 17:15:00,7.791
2017-01-20 17:30:00,8.159
2017-01-20 17:45:00,8.325
2017-01-20 18:00:00,9.109
2017-01-20 18:15:00,9.392
2017-01-20 18:30:00,10.003
2017-01-20 18:45:00,10.373
2017-01-20 19:00:00,11.097
2017-01-20 19:15:00,11.572
2017-01-20 19:30:00,10.832
2017-01-20 19:45:00,11.395
2017-01-20 20:00:00,11.486
2017-01-20 20:15:00,11.275
2017-01-20 20:30:00,11.152
2017-01-20 20:45:00,11.962
2017-01-20 21:00:00,11.136
2017-01-20 21:15:00,11.218
2017-01-20 21:30:00,10.795
2017-01-20 21:45:00,10.865
2017-01-20 22:00:00,11.103
2017-01-20 22:15:00,11.303
2017-01-20 22:30:00,11.568
2017-01-20 22:45:00,11.935
2017-01-20 23:00:00,12.937
2017-01-20 23:15:00,13.31
2017-01-20 23:30:00,14.161
2017-01-20 23:45:00,15.485
2017-01-21 00:00:00,17.222
2017-01-21 00:15:00,18.024
2017-01-21 00:30:00,19.513
2017-01-21 00:45:00,20.66
2017-01-21 01:00:00,21.422
2017-01-21 01:15:00,22.452
2017-01-21 01:30:00,22.957
2017-01-21 01:45:00,22.436
2017-01-21 02:00:00,22.785
2017-01-21 02:15:00,21.618
2017-01-21 02:30:00,21.053
2017-01-21 02:45:00,19.254
2017-01-21 03:00:00,17.966
2017-01-21 03:15:00,16.57
2017-01-21 03:30:00,14.986
2017-01-21 03:45:00,13.635
2017-01-21 04:00:00,12.222
2017-01-21 04:15:00,11.479
2017-01-21 04:30:00,10.742
2017-01-21 04:45:00,10.073
2017-01-21 05:00:00,10.341
2017-01-21 05:15:00,9.518
2017-01-21 05:30:00,9.582
2017-01-21 05:45:00,10.188
2017-01-21 06:00:00,9.709
2017-01-21 06:15:00,10.161
2017-01-21 06:30:00,10.169
2017-01-21 06:45:00,10.718
2017-01-21 07:00:00,10.634
2017-01-21 07:15:00,11.269
2017-01-21 07:30:00,10.896
2017-01-21 07:45:00,10.665
2017-01-21 08:00:00,11.282
2017-01-21 08:15:00,11.123
2017-01-21 08:30:00,11.242
2017-01-21 08:45:00,11.314
2017-01-21 09:00:00,11.246
2017-01-21 09:15:00,11.125
2017-01-21 09:30:00,11.353
2017-01-21 09:45:00,11.252
2017-01-21 10:00:00,11.838
2017-01-21 10:15:00,12.507
2017-01-21 10:30:00,13.317
2017-01-21 10:45:00,13.718
2017-01-21 11:00:00,14.91
2017-01-21 11:15:00,15.399
2017-01-21 11:30:00,16.033
2017-01-21 11:45:00,17.454
2017-01-21 12:00:00,18.325
2017-01-21 12:15:00,19.16
2017-01-21 12:30:00,20.403
2017-01-21 12:45:00,21.189
2017-01-21 13:00:00,21.922
2017-01-21 13:15:00,22.596
2017-01-21 13:30:00,23.044
2017-01-21 13:45:00,23.108
2017-01-21 14:00:00,23.185
2017-01-21 14:15:00,22.872
2017-01-21 14:30:00,22.067
2017-01-21 14:45:00,21.226
2017-01-21 15:00:00,20.411
2017-01-21 15:15:00,19.082
2017-01-21 15:30:00,18.181
2017-01-21 15:45:00,16.179
2017-01-21 16:00:00,14.551
2017-01-21 16:15:00,14.076
2017-01-21 16:30:00,12.45
2017-01-21 16:45:00,12.164
2017-01-21 17:00:00,11.006
2017-01-21 17:15:00,10.693
2017-01-21 17:30:00,10.337
2017-01-21 17:45:00,10.446
2017-01-21 18:00:00,10.795
2017-01-21 18:15:00,10.725
2017-01-21 18:30:00,10.876
2017-01-21 18:45:00,11.255
2017-01-21 19:00:00,11.666
2017-01-21 19:15:00,12.255
2017-01-21 19:30:00,12.632
2017-01-21 19:45:00,12.194
2017-01-21 20:00:00,12.571
2017-01-21 20:15:00,12.772
2017-01-21 20:30:00,12.958
2017-01-21 20:45:00,12.302
2017-01-21 21:00:00,12.143
2017-01-21 21:15:00,12.02
2017-01-21 21:30:00,11.816
2017-01-21 21:45:00,11.155
2017-01-21 22:00:00,11.721
2017-01-21 22:15:00,11.845
2017-01-21 22:30:00,12.212
2017-01-21 22:45:00,12.814
2017-01-21 23:00:00,13.096
2017-01-21 23:15:00,14.363
2017-01-21 23:30:00,16.045
2017-01-21 23:45:00,17.123
2017-01-22 00:00:00,18.199
2017-01-22 00:15:00,19.611
2017-01-22 00:30:00,21.463
2017-01-22 00:45:00,22.98
2017-01-22 01:00:00,23.83
2017-01-22 01:15:00,24.089
2017-01-22 01:30:00,24.231
2017-01-22 01:45:00,23.916
2017-01-22 02:00:00,22.807
2017-01-22 02:15:00,21.107
2017-01-22 02:30:00,19.318
2017-01-22 02:45:00,17.461
2017-01-22 03:00:00,15.366
2017-01-22 03:15:00,13.782
2017-01-22 03:30:00,12.214
2017-01-22 03:45:00,11.166
2017-01-22 04:00:00,10.226
2017-01-22 04:15:00,9.356
2017-01-22 04:30:00,8.923
2017-01-22 04:45:00,8.211
2017-01-22 05:00:00,8.575
2017-01-22 05:15:00,7.751
2017-01-22 05:30:00,7.89
2017-01-22 05:45:00,9.01
2017-01-22 06:00:00,9.075
2017-01-22 06:15:00,9.608
2017-01-22 06:30:00,10.232
2017-01-22 06:45:00,10.847
2017-01-22 07:00:00,11.85
2017-01-22 07:15:00,12.444
2017-01-22 07:30:00,12.894
2017-01-22 07:45:00,13.12
2017-01-22 08:00:00,12.887
2017-01-22 08:15:00,12.593
2017-01-22 08:30:00,12.371
2017-01-22 08:45:00,12.306
2017-01-22 09:00:00,11.68
2017-01-22 09:15:00,11.252
2017-01-22 09:30:00,10.536
2017-01-22 09:45:00,11.112
2017-01-22 10:00:00,10.2
2017-01-22 10:15:00,10.626
2017-01-22 10:30:00,11.168
2017-01-22 10:45:00,11.352
2017-01-22 11:00:00,12.122
2017-01-22 11:15:00,13.274
2017-01-22 11:30:00,14.492
2017-01-22 11:45:00,15.975
2017-01-22 12:00:00,17.466
2017-01-22 12:15:00,19.258
2017-01-22 12:30:00,20.788
2017-01-22 12:45:00,21.96
2017-01-22 13:00:00,23.633
2017-01-22 13:15:00,24.191
2017-01-22 13:30:00,23.727
2017-01-22 13:45:00,23.155
2017-01-22 14:00:00,22.43
2017-01-22 14:15:00,21.033
2017-01-22 14:30:00,18.962
2017-01-22 14:45:00,17.144
2017-01-22 15:00:00,15.534
2017-01-22 15:15:00,13.92
2017-01-22 15:30:00,12.744
2017-01-22 15:45:00,11.341
2017-01-22 16:00:00,10.454
2017-01-22 16:15:00,9.747
2017-01-22 16:30:00,8.769
2017-01-22 16:45:00,8.753
2017-01-22 17:00:00,8.685
2017-01-22 17:15:00,8.784
2017-01-22 17:30:00,8.686
2017-01-22 17:45:00,8.765
2017-01-22 18:00:00,9.427
2017-01-22 18:15:00,10.218
2017-01-22 18:30:00,10.361
2017-01-22 18:45:00,11.312
2017-01-22 19:00:00,11.392
2017-01-22 19:15:00,12.166
2017-01-22 19:30:00,12.716
2017-01-22 19:45:00,12.73
2017-01-22 20:00:00,12.406
2017-01-22 20:15:00,12.217
2017-01-22 20:30:00,12.17
2017-01-22 20:45:00,11.724
2017-01-22 21:00:00,11.25
2017-01-22 21:15:00,10.693
2017-01-22 21:30:00,10.558
2017-01-22 21:45:00,10.083
2017-01-22 22:00:00,10.101
2017-01-22 22:15:00,10.741
2017-01-22 22:30:00,10.784
2017-01-22 22:45:00,11.551
2017-01-22 23:00:00,12.131
2017-01-22 23:15:00,12.854
2017-01-22 23:30:00,14.79
2017-01-22 23:45:00,16.095
2017-01-23 00:00:00,18.003
2017-01-23 00:15:00,19.907
2017-01-23 00:30:00,21.732
2017-01-23 00:45:00,22.371
2017-01-23 01:00:00,23.821
2017-01-23 01:15:00,24.28
2017-01-23 01:30:00,23.65
2017-01-23 01:45:00,23.151
2017-01-23 02:00:00,22.147
2017-01-23 02:15:00,20.094
2017-01-23 02:30:00,18.492
2017-01-23 02:45:00,16.451
2017-01-23 03:00:00,14.816
2017-01-23 03:15:00,13.246
2017-01-23 03:30:00,12.15
2017-01-23 03:45:00,11.211
2017-01-23 04:00:00,10.595
2017-01-23 04:15:00,9.493
2017-01-23 04:30:00,8.815
2017-01-23 04:45:00,8.978
2017-01-23 05:00:00,8.853
2017-01-23 05:15:00,8.838
2017-01-23 05:30:00,9.072
2017-01-23 05:45:00,9.654
2017-01-23 06:00:00,9.462
2017-01-23 06:15:00,9.659
2017-01-23 06:30:00,10.327
2017-01-23 06:45:00,10.203
2017-01-23 07:00:00,10.607
2017-01-23 07:15:00,10.966
2017-01-23 07:30:00,11.698
2017-01-23 07:45:00,11.894
2017-01-23 08:00:00,11.771
2017-01-23 08:15:00,11.595
2017-01-23 08:30:00,11.546
2017-01-23 08:45:00,11.15
2017-01-23 09:00:00,11.045
2017-01-23 09:15:00,10.348
2017-01-23 09:30:00,10.398
2017-01-23 09:45:00,10.332
2017-01-23 10:00:00,10.538
2017-01-23 10:15:00,10.517
2017-01-23 10:30:00,10.655
2017-01-23 10:45:00,11.266
2017-01-23 11:00:00,11.835
2017-01-23 11:15:00,13.487
2017-01-23 11:30:00,14.256
2017-01-23 11:45:00,15.938
2017-01-23 12:00:00,17.766
2017-01-23 12:15:00,19.006
2017-01-23 12:30:00,20.974
2017-01-23 12:45:00,22.364
2017-01-23 13:00:00,23.154
2017-01-23 13:15:00,23.875
2017-01-23 13:30:00,23.422
2017-01-23 13:45:00,23.245
2017-01-23 14:00:00,21.684
2017-01-23 14:15:00,20.895
2017-01-23 14:30:00,18.652
2017-01-23 14:45:00,16.357
2017-01-23 15:00:00,14.832
2017-01-23 15:15:00,13.494
2017-01-23 15:30:00,11.647
2017-01-23 15:45:00,10.559
2017-01-23 16:00:00,10.039
2017-01-23 16:15:00,9.443
2017-01-23 16:30:00,9.109
2017-01-23 16:45:00,8.986
2017-01-23 17:00:00,8.519
2017-01-23 17:15:00,8.867
2017-01-23 17:30:00,9.198
2017-01-23 17:45:00,9.81
2017-01-23 18:00:00,9.867
2017-01-23 18:15:00,70.893
2017-01-23 18:30:00,71.386
2017-01-23 18:45:00,71.822
2017-01-23 19:00:00,72.259
2017-01-23 19:15:00,72.267
2017-01-23 19:30:00,72.757
2017-01-23 19:45:00,72.88
2017-01-23 20:00:00,73.188
2017-01-23 20:15:00,73.523
2017-01-23 20:30:00,73.438
2017-01-23 20:45:00,73.7
2017-01-23 21:00:00,73.37
2017-01-23 21:15:00,73.785
2017-01-23 21:30:00,73.608
2017-01-23 21:45:00,74.017
2017-01-23 22:00:00,74.366
2017-01-23 22:15:00,74.033
2017-01-23 22:30:00,74.557
2017-01-23 22:45:00,75.149
2017-01-23 23:00:00,75.305
2017-01-23 23:15:00,75.973
2017-01-23 23:30:00,76.611
2017-01-23 23:45:00,77.154
2017-01-24 00:00:00,77.725
2017-01-24 00:15:00,78.342
2017-01-24 00:30:00,78.824
2017-01-24 00:45:00,79.323
2017-01-24 01:00:00,79.745
2017-01-24 01:15:00,80.176
2017-01-24 01:30:00,80.541
2017-01-24 01:45:00,80.895
2017-01-24 02:00:00,81.206
2017-01-24 02:15:00,81.341
2017-01-24 02:30:00,81.472
2017-01-24 02:45:00,81.179
2017-01-24 03:00:00,81.264
2017-01-24 03:15:00,80.754
2017-01-24 03:30:00,80.324
2017-01-24 03:45:00,79.709
2017-01-24 04:00:00,79.459
2017-01-24 04:15:00,79.322
2017-01-24 04:30:00,78.325
2017-01-24 04:45:00,78.352
2017-01-24 05:00:00,78.197
2017-01-24 05:15:00,78.751
2017-01-24 05:30:00,78.345
2017-01-24 05:45:00,79.997
2017-01-24 06:00:00,79.987
2017-01-24 06:15:00,80.33
2017-01-24 06:30:00,80.691
2017-01-24 06:45:00,80.951
2017-01-24 07:00:00,81.506
2017-01-24 07:15:00,81.75
2017-01-24 07:30:00,81.803
2017-01-24 07:45:00,82.014
2017-01-24 08:00:00,82.441
2017-01-24 08:15:00,82.21
2017-01-24 08:30:00,82.214
2017-01-24 08:45:00,82.512
2017-01-24 09:00:00,82.741
2017-01-24 09:15:00,82.676
2017-01-24 09:30:00,82.874
2017-01-24 09:45:00,81.364
2017-01-24 10:00:00,81.071
2017-01-24 10:15:00,80.647
2017-01-24 10:30:00,80.239
2017-01-24 10:45:00,80.102
2017-01-24 11:00:00,79.875
2017-01-24 11:15:00,80.016
2017-01-24 11:30:00,79.978
2017-01-24 11:45:00,80.18
2017-01-24 12:00:00,79.833
2017-01-24 12:15:00,79.976
2017-01-24 12:30:00,79.915
2017-01-24 12:45:00,80.029
2017-01-24 13:00:00,79.888
2017-01-24 13:15:00,79.837
2017-01-24 13:30:00,79.701
2017-01-24 13:45:00,79.549
2017-01-24 14:00:00,79.319
2017-01-24 14:15:00,79.098
2017-01-24 14:30:00,78.755
2017-01-24 14:45:00,78.357
2017-01-24 15:00:00,77.789
2017-01-24 15:15:00,77.225
2017-01-24 15:30:00,76.568
2017-01-24 15:45:00,76.074
2017-01-24 16:00:00,75.13
2017-01-24 16:15:00,74.289
2017-01-24 16:30:00,73.603
2017-01-24 16:45:00,72.801
2017-01-24 17:00:00,72.324
2017-01-24 17:15:00,71.914
2017-01-24 17:30:00,73.652
2017-01-24 17:45:00,72.996
2017-01-24 18:00:00,73.767
2017-01-24 18:15:00,74.111
2017-01-24 18:30:00,73.929
2017-01-24 18:45:00,74.814
2017-01-24 19:00:00,74.774
2017-01-24 19:15:00,75.007
2017-01-24 19:30:00,75.68
2017-01-24 19:45:00,75.745
2017-01-24 20:00:00,75.628
2017-01-24 20:15:00,76.161
2017-01-24 20:30:00,75.908
2017-01-24 20:45:00,76.391
2017-01-24 21:00:00,76.408
2017-01-24 21:15:00,76.129
2017-01-24 21:30:00,76.967
2017-01-24 21:45:00,77.335
2017-01-24 22:00:00,77.603
2017-01-24 22:15:00,77.928
2017-01-24 22:30:00,78.202
2017-01-24 22:45:00,78.566
2017-01-24 23:00:00,79.166
2017-01-24 23:15:00,79.643
2017-01-24 23:30:00,80.106
2017-01-24 23:45:00,80.618
2017-01-25 00:00:00,81.176
2017-01-25 00:15:00,81.605
2017-01-25 00:30:00,81.97
2017-01-25 00:45:00,82.329
2017-01-25 01:00:00,82.802
2017-01-25 01:15:00,83.165
2017-01-25 01:30:00,83.561
2017-01-25 01:45:00,83.924
2017-01-25 02:00:00,84.305
2017-01-25 02:15:00,84.648
2017-01-25 02:30:00,84.984
2017-01-25 02:45:00,85.316
2017-01-25 03:00:00,84.065
2017-01-25 03:15:00,83.657
2017-01-25 03:30:00,83.206
2017-01-25 03:45:00,82.455
2017-01-25 04:00:00,82.046
2017-01-25 04:15:00,81.327
2017-01-25 04:30:00,80.646
2017-01-25 04:45:00,79.988
2017-01-25 05:00:00,79.321
2017-01-25 05:15:00,78.992
2017-01-25 05:30:00,78.3
2017-01-25 05:45:00,78.153
2017-01-25 06:00:00,77.424
2017-01-25 06:15:00,77.387
2017-01-25 06:30:00,76.74
2017-01-25 06:45:00,76.45
2017-01-25 07:00:00,76.287
2017-01-25 07:15:00,76.225
2017-01-25 07:30:00,75.965
2017-01-25 07:45:00,75.561
2017-01-25 08:00:00,75.191
2017-01-25 08:15:00,74.967
2017-01-25 08:30:00,74.566
2017-01-25 08:45:00,73.891
2017-01-25 09:00:00,73.442
2017-01-25 09:15:00,73.23
2017-01-25 09:30:00,74.283
2017-01-25 09:45:00,74.528
2017-01-25 10:00:00,74.767
2017-01-25 10:15:00,74.862
2017-01-25 10:30:00,75.171
2017-01-25 10:45:00,75.828
2017-01-25 11:00:00,76.172
2017-01-25 11:15:00,76.702
2017-01-25 11:30:00,77.162
2017-01-25 11:45:00,77.856
2017-01-25 12:00:00,78.424
2017-01-25 12:15:00,78.945
2017-01-25 12:30:00,79.378
2017-01-25 12:45:00,79.809
2017-01-25 13:00:00,80.254
2017-01-25 13:15:00,80.707
2017-01-25 13:30:00,81.143
2017-01-25 13:45:00,81.462
2017-01-25 14:00:00,81.789
2017-01-25 14:15:00,82.06
2017-01-25 14:30:00,82.258
2017-01-25 14:45:00,82.325
2017-01-25 15:00:00,82.297
2017-01-25 15:15:00,81.859
2017-01-25 15:30:00,81.748
2017-01-25 15:45:00,81.343
2017-01-25 16:00:00,80.903
2017-01-25 16:15:00,80.594
2017-01-25 16:30:00,80.015
2017-01-25 16:45:00,80.042
2017-01-25 17:00:00,80.032
2017-01-25 17:15:00,80.046
2017-01-25 17:30:00,80.249
2017-01-25 17:45:00,80.87
2017-01-25 18:00:00,80.947
2017-01-25 18:15:00,81.662
2017-01-25 18:30:00,82.028
2017-01-25 18:45:00,82.315
2017-01-25 19:00:00,82.86
2017-01-25 19:15:00,83.479
2017-01-25 19:30:00,83.685
2017-01-25 19:45:00,82.424
2017-01-25 20:00:00,82.039
2017-01-25 20:15:00,81.733
2017-01-25 20:30:00,81.222
2017-01-25 20:45:00,80.817
2017-01-25 21:00:00,80.247
2017-01-25 21:15:00,79.243
2017-01-25 21:30:00,79.186
2017-01-25 21:45:00,78.391
2017-01-25 22:00:00,77.518
2017-01-25 22:15:00,77.95
2017-01-25 22:30:00,77.554
2017-01-25 22:45:00,77.225
2017-01-25 23:00:00,77.128
2017-01-25 23:15:00,77.339
2017-01-25 23:30:00,77.328
2017-01-25 23:45:00,77.299
2017-01-26 00:00:00,77.464
2017-01-26 00:15:00,77.571
2017-01-26 00:30:00,77.631
2017-01-26 00:45:00,77.597
2017-01-26 01:00:00,77.541
2017-01-26 01:15:00,77.445
2017-01-26 01:30:00,77.271
2017-01-26 01:45:00,77.084
2017-01-26 02:00:00,76.809
2017-01-26 02:15:00,76.401
2017-01-26 02:30:00,75.959
2017-01-26 02:45:00,75.421
2017-01-26 03:00:00,74.699
2017-01-26 03:15:00,73.918
2017-01-26 03:30:00,74.894
2017-01-26 03:45:00,74.873
2017-01-26 04:00:00,74.366
2017-01-26 04:15:00,74.196
2017-01-26 04:30:00,73.515
2017-01-26 04:45:00,73.678
2017-01-26 05:00:00,73.66
2017-01-26 05:15:00,74.178
2017-01-26 05:30:00,74.095
2017-01-26 05:45:00,74.762
2017-01-26 06:00:00,74.897
2017-01-26 06:15:00,75.265
2017-01-26 06:30:00,75.658
2017-01-26 06:45:00,76.082
2017-01-26 07:00:00,76.647
2017-01-26 07:15:00,76.665
2017-01-26 07:30:00,76.991
2017-01-26 07:45:00,77.314
2017-01-26 08:00:00,77.608
2017-01-26 08:15:00,77.479
2017-01-26 08:30:00,77.818
2017-01-26 08:45:00,77.792
2017-01-26 09:00:00,77.762
2017-01-26 09:15:00,77.685
2017-01-26 09:30:00,77.864
2017-01-26 09:45:00,77.791
2017-01-26 10:00:00,77.534
2017-01-26 10:15:00,77.872
2017-01-26 10:30:00,78.22
2017-01-26 10:45:00,78.597
2017-01-26 11:00:00,79.263
2017-01-26 11:15:00,80.244
2017-01-26 11:30:00,80.422
2017-01-26 11:45:00,81.151
2017-01-26 12:00:00,81.718
2017-01-26 12:15:00,82.309
2017-01-26 12:30:00,82.779
2017-01-26 12:45:00,83.239
2017-01-26 13:00:00,83.634
2017-01-26 13:15:00,84.04
2017-01-26 13:30:00,84.429
2017-01-26 13:45:00,84.725
2017-01-26 14:00:00,85.042
2017-01-26 14:15:00,84.166
2017-01-26 14:30:00,83.502
2017-01-26 14:45:00,83.069
2017-01-26 15:00:00,82.334
2017-01-26 15:15:00,81.536
2017-01-26 15:30:00,80.759
2017-01-26 15:45:00,79.899
2017-01-26 16:00:00,79.12
2017-01-26 16:15:00,78.313
2017-01-26 16:30:00,77.726
2017-01-26 16:45:00,76.576
2017-01-26 17:00:00,76.499
2017-01-26 17:15:00,76.045
2017-01-26 17:30:00,75.625
2017-01-26 17:45:00,75.043
2017-01-26 18:00:00,75.025
2017-01-26 18:15:00,74.719
2017-01-26 18:30:00,74.794
2017-01-26 18:45:00,74.663
2017-01-26 19:00:00,74.328
2017-01-26 19:15:00,74.143
2017-01-26 19:30:00,73.306
2017-01-26 19:45:00,73.531
2017-01-26 20:00:00,72.939
2017-01-26 20:15:00,74.377
2017-01-26 20:30:00,74.46
2017-01-26 20:45:00,74.52
2017-01-26 21:00:00,74.716
2017-01-26 21:15:00,74.784
2017-01-26 21:30:00,75.016
2017-01-26 21:45:00,74.808
2017-01-26 22:00:00,75.202
2017-01-26 22:15:00,75.442
2017-01-26 22:30:00,75.812
2017-01-26 22:45:00,75.814
2017-01-26 23:00:00,76.769
2017-01-26 23:15:00,77.209
2017-01-26 23:30:00,77.803
2017-01-26 23:45:00,78.596
2017-01-27 00:00:00,79.017
2017-01-27 00:15:00,79.581
2017-01-27 00:30:00,80.071
2017-01-27 00:45:00,80.491
2017-01-27 01:00:00,80.973
2017-01-27 01:15:00,81.361
2017-01-27 01:30:00,81.754
2017-01-27 01:45:00,82.112
2017-01-27 02:00:00,82.394
2017-01-27 02:15:00,82.631
2017-01-27 02:30:00,82.729
2017-01-27 02:45:00,82.757
2017-01-27 03:00:00,82.398
2017-01-27 03:15:00,82.337
2017-01-27 03:30:00,81.848
2017-01-27 03:45:00,81.82
2017-01-27 04:00:00,81.486
2017-01-27 04:15:00,81.276
2017-01-27 04:30:00,81.298
2017-01-27 04:45:00,80.834
2017-01-27 05:00:00,81.068
2017-01-27 05:15:00,81.547
2017-01-27 05:30:00,81.909
2017-01-27 05:45:00,81.888
2017-01-27 06:00:00,82.153
2017-01-27 06:15:00,82.602
2017-01-27 06:30:00,82.882
2017-01-27 06:45:00,81.836
2017-01-27 07:00:00,81.023
2017-01-27 07:15:00,81.314
2017-01-27 07:30:00,81.024
2017-01-27 07:45:00,80.637
2017-01-27 08:00:00,79.881
2017-01-27 08:15:00,79.498
2017-01-27 08:30:00,79.317
2017-01-27 08:45:00,78.44
2017-01-27 09:00:00,78.137
2017-01-27 09:15:00,77.403
2017-01-27 09:30:00,76.821
2017-01-27 09:45:00,76.158
2017-01-27 10:00:00,76.017
2017-01-27 10:15:00,75.23
2017-01-27 10:30:00,75.406
2017-01-27 10:45:00,75.304
2017-01-27 11:00:00,75.071
2017-01-27 11:15:00,75.269
2017-01-27 11:30:00,75.311
2017-01-27 11:45:00,75.193
2017-01-27 12:00:00,75.523
2017-01-27 12:15:00,75.617
2017-01-27 12:30:00,75.616
2017-01-27 12:45:00,75.482
2017-01-27 13:00:00,75.491
2017-01-27 13:15:00,76.619
2017-01-27 13:30:00,77.028
2017-01-27 13:45:00,77.396
2017-01-27 14:00:00,77.696
2017-01-27 14:15:00,77.956
2017-01-27 14:30:00,78.005
2017-01-27 14:45:00,77.903
2017-01-27 15:00:00,77.748
2017-01-27 15:15:00,77.262
2017-01-27 15:30:00,76.301
2017-01-27 15:45:00,76.711
2017-01-27 16:00:00,75.631
2017-01-27 16:15:00,75.829
2017-01-27 16:30:00,75.321
2017-01-27 16:45:00,74.86
2017-01-27 17:00:00,75.165
2017-01-27 17:15:00,75.472
2017-01-27 17:30:00,75.882
2017-01-27 17:45:00,76.13
2017-01-27 18:00:00,76.656
2017-01-27 18:15:00,77.293
2017-01-27 18:30:00,77.614
2017-01-27 18:45:00,78.15
2017-01-27 19:00:00,78.151
2017-01-27 19:15:00,78.755
2017-01-27 19:30:00,78.76
2017-01-27 19:45:00,78.948
2017-01-27 20:00:00,78.945
2017-01-27 20:15:00,79.538
2017-01-27 20:30:00,79.485
2017-01-27 20:45:00,79.462
2017-01-27 21:00:00,79.298
2017-01-27 21:15:00,79.595
2017-01-27 21:30:00,79.677
2017-01-27 21:45:00,79.712
2017-01-27 22:00:00,80.202
2017-01-27 22:15:00,80.317
2017-01-27 22:30:00,80.662
2017-01-27 22:45:00,81.073
2017-01-27 23:00:00,81.412
2017-01-27 23:15:00,82.061
2017-01-27 23:30:00,82.487
2017-01-27 23:45:00,82.945
2017-01-28 00:00:00,83.461
2017-01-28 00:15:00,84.045
2017-01-28 00:30:00,84.385
2017-01-28 00:45:00,84.869
2017-01-28 01:00:00,85.292
2017-01-28 01:15:00,84.314
2017-01-28 01:30:00,84.188
2017-01-28 01:45:00,83.989
2017-01-28 02:00:00,83.81
2017-01-28 02:15:00,83.536
2017-01-28 02:30:00,83.18
2017-01-28 02:45:00,82.783
2017-01-28 03:00:00,82.25
2017-01-28 03:15:00,81.758
2017-01-28 03:30:00,80.98
2017-01-28 03:45:00,80.058
2017-01-28 04:00:00,79.718
2017-01-28 04:15:00,78.369
2017-01-28 04:30:00,78.197
2017-01-28 04:45:00,77.327
2017-01-28 05:00:00,76.573
2017-01-28 05:15:00,75.506
2017-01-28 05:30:00,75.699
2017-01-28 05:45:00,75.017
2017-01-28 06:00:00,75.041
2017-01-28 06:15:00,74.863
2017-01-28 06:30:00,74.549
2017-01-28 06:45:00,74.142
2017-01-28 07:00:00,73.973
2017-01-28 07:15:00,73.456
2017-01-28 07:30:00,72.993
2017-01-28 07:45:00,73.054
2017-01-28 08:00:00,74.154
2017-01-28 08:15:00,74.216
2017-01-28 08:30:00,74.303
2017-01-28 08:45:00,74.935
2017-01-28 09:00:00,74.591
2017-01-28 09:15:00,74.991
2017-01-28 09:30:00,75.27
2017-01-28 09:45:00,75.377
2017-01-28 10:00:00,75.681
2017-01-28 10:15:00,76.329
2017-01-28 10:30:00,76.604
2017-01-28 10:45:00,77.143
2017-01-28 11:00:00,77.588
2017-01-28 11:15:00,78.059
2017-01-28 11:30:00,78.475
2017-01-28 11:45:00,79.019
2017-01-28 12:00:00,79.416
2017-01-28 12:15:00,79.941
2017-01-28 12:30:00,80.332
2017-01-28 12:45:00,80.777
2017-01-28 13:00:00,81.199
2017-01-28 13:15:00,81.604
2017-01-28 13:30:00,81.996
2017-01-28 13:45:00,82.36
2017-01-28 14:00:00,82.757
2017-01-28 14:15:00,83.112
2017-01-28 14:30:00,83.457
2017-01-28 14:45:00,83.769
2017-01-28 15:00:00,84.029
2017-01-28 15:15:00,84.13
2017-01-28 15:30:00,84.235
2017-01-28 15:45:00,84.302
2017-01-28 16:00:00,84.154
2017-01-28 16:15:00,82.585
2017-01-28 16:30:00,81.814
2017-01-28 16:45:00,81.155
2017-01-28 17:00:00,80.541
2017-01-28 17:15:00,79.84
2017-01-28 17:30:00,79.324
2017-01-28 17:45:00,79.05
2017-01-28 18:00:00,78.407
2017-01-28 18:15:00,78.045
2017-01-28 18:30:00,77.934
2017-01-28 18:45:00,77.663
2017-01-28 19:00:00,77.482
2017-01-28 19:15:00,77.021
2017-01-28 19:30:00,76.906
2017-01-28 19:45:00,76.735
2017-01-28 20:00:00,76.046
2017-01-28 20:15:00,76.068
2017-01-28 20:30:00,75.4
2017-01-28 20:45:00,75.112
2017-01-28 21:00:00,74.372
2017-01-28 21:15:00,74.032
2017-01-28 21:30:00,73.879
2017-01-28 21:45:00,73.306
2017-01-28 22:00:00,72.595
2017-01-28 22:15:00,74.311
2017-01-28 22:30:00,74.637
2017-01-28 22:45:00,74.94
2017-01-28 23:00:00,75.458
2017-01-28 23:15:00,76.209
2017-01-28 23:30:00,76.699
2017-01-28 23:45:00,77.252
2017-01-29 00:00:00,77.795
2017-01-29 00:15:00,78.319
2017-01-29 00:30:00,78.764
2017-01-29 00:45:00,79.219
2017-01-29 01:00:00,79.672
2017-01-29 01:15:00,80.1
2017-01-29 01:30:00,80.528
2017-01-29 01:45:00,80.859
2017-01-29 02:00:00,81.183
2017-01-29 02:15:00,81.45
2017-01-29 02:30:00,81.637
2017-01-29 02:45:00,81.738
2017-01-29 03:00:00,81.75
2017-01-29 03:15:00,81.282
2017-01-29 03:30:00,81.23
2017-01-29 03:45:00,80.863
2017-01-29 04:00:00,80.566
2017-01-29 04:15:00,80.09
2017-01-29 04:30:00,79.356
2017-01-29 04:45:00,78.888
2017-01-29 05:00:00,79.825
2017-01-29 05:15:00,79.547
2017-01-29 05:30:00,79.545
2017-01-29 05:45:00,79.956
2017-01-29 06:00:00,80.423
2017-01-29 06:15:00,80.811
2017-01-29 06:30:00,81.103
2017-01-29 06:45:00,81.615
2017-01-29 07:00:00,81.962
2017-01-29 07:15:00,82.661
2017-01-29 07:30:00,83.099
2017-01-29 07:45:00,83.046
2017-01-29 08:00:00,83.311
2017-01-29 08:15:00,83.384
2017-01-29 08:30:00,82.21
2017-01-29 08:45:00,81.759
2017-01-29 09:00:00,81.13
2017-01-29 09:15:00,80.526
2017-01-29 09:30:00,79.926
2017-01-29 09:45:00,79.268
2017-01-29 10:00:00,79.021
2017-01-29 10:15:00,78.808
2017-01-29 10:30:00,77.931
2017-01-29 10:45:00,78.032
2017-01-29 11:00:00,77.882
2017-01-29 11:15:00,78.154
2017-01-29 11:30:00,78.311
2017-01-29 11:45:00,78.487
2017-01-29 12:00:00,78.403
2017-01-29 12:15:00,78.383
2017-01-29 12:30:00,78.63
2017-01-29 12:45:00,78.542
2017-01-29 13:00:00,78.538
2017-01-29 13:15:00,78.4
2017-01-29 13:30:00,78.311
2017-01-29 13:45:00,78.004
2017-01-29 14:00:00,77.766
2017-01-29 14:15:00,77.341
2017-01-29 14:30:00,76.896
2017-01-29 14:45:00,76.382
2017-01-29 15:00:00,75.648
2017-01-29 15:15:00,74.81
2017-01-29 15:30:00,74.044
2017-01-29 15:45:00,72.968
2017-01-29 16:00:00,72.081
2017-01-29 16:15:00,73.231
2017-01-29 16:30:00,73.391
2017-01-29 16:45:00,72.94
2017-01-29 17:00:00,73.366
2017-01-29 17:15:00,72.975
2017-01-29 17:30:00,73.287
2017-01-29 17:45:00,73.722
2017-01-29 18:00:00,73.875
2017-01-29 18:15:00,74.697
2017-01-29 18:30:00,75.194
2017-01-29 18:45:00,75.518
2017-01-29 19:00:00,76.118
2017-01-29 19:15:00,76.34
2017-01-29 19:30:00,76.603
2017-01-29 19:45:00,76.899
2017-01-29 20:00:00,76.762
2017-01-29 20:15:00,77.114
2017-01-29 20:30:00,76.967
2017-01-29 20:45:00,77.158
2017-01-29 21:00:00,77.016
2017-01-29 21:15:00,77.084
2017-01-29 21:30:00,76.94
2017-01-29 21:45:00,77.362
2017-01-29 22:00:00,77.192
2017-01-29 22:15:00,77.229
2017-01-29 22:30:00,77.899
2017-01-29 22:45:00,78.138
2017-01-29 23:00:00,78.641
2017-01-29 23:15:00,79.52
2017-01-29 23:30:00,79.973
2017-01-29 23:45:00,80.808
2017-01-30 00:00:00,81.306
2017-01-30 00:15:00,81.864
2017-01-30 00:30:00,82.282
2017-01-30 00:45:00,82.753
2017-01-30 01:00:00,83.154
2017-01-30 01:15:00,83.535
2017-01-30 01:30:00,83.922
2017-01-30 01:45:00,84.253
2017-01-30 02:00:00,84.536
2017-01-30 02:15:00,84.791
2017-01-30 02:30:00,84.876
2017-01-30 02:45:00,83.457
2017-01-30 03:00:00,82.688
2017-01-30 03:15:00,81.733
2017-01-30 03:30:00,81.052
2017-01-30 03:45:00,80.002
2017-01-30 04:00:00,79.067
2017-01-30 04:15:00,78.756
2017-01-30 04:30:00,77.896
2017-01-30 04:45:00,77.081
2017-01-30 05:00:00,76.537
2017-01-30 05:15:00,76.061
2017-01-30 05:30:00,75.934
2017-01-30 05:45:00,75.063
2017-01-30 06:00:00,75.133
2017-01-30 06:15:00,74.853
2017-01-30 06:30:00,74.71
2017-01-30 06:45:00,74.588
2017-01-30 07:00:00,74.469
2017-01-30 07:15:00,74.078
2017-01-30 07:30:00,73.758
2017-01-30 07:45:00,73.463
2017-01-30 08:00:00,73.1
2017-01-30 08:15:00,74.453
2017-01-30 08:30:00,74.729
2017-01-30 08:45:00,74.684
2017-01-30 09:00:00,74.686
2017-01-30 09:15:00,74.614
2017-01-30 09:30:00,74.548
2017-01-30 09:45:00,74.741
2017-01-30 10:00:00,75.063
2017-01-30 10:15:00,75.184
2017-01-30 10:30:00,75.459
2017-01-30 10:45:00,75.96
2017-01-30 11:00:00,76.708
2017-01-30 11:15:00,77.101
2017-01-30 11:30:00,77.566
2017-01-30 11:45:00,78.286
2017-01-30 12:00:00,78.803
2017-01-30 12:15:00,79.35
2017-01-30 12:30:00,79.862
2017-01-30 12:45:00,80.352
2017-01-30 13:00:00,80.788
2017-01-30 13:15:00,81.221
2017-01-30 13:30:00,81.591
2017-01-30 13:45:00,81.939
2017-01-30 14:00:00,82.282
2017-01-30 14:15:00,82.451
2017-01-30 14:30:00,82.64
2017-01-30 14:45:00,82.544
2017-01-30 15:00:00,82.686
2017-01-30 15:15:00,82.294
2017-01-30 15:30:00,81.823
2017-01-30 15:45:00,81.816
2017-01-30 16:00:00,81.35
2017-01-30 16:15:00,81.047
2017-01-30 16:30:00,81.001
2017-01-30 16:45:00,80.692
2017-01-30 17:00:00,81.378
2017-01-30 17:15:00,81.207
2017-01-30 17:30:00,81.255
2017-01-30 17:45:00,81.653
2017-01-30 18:00:00,81.791
2017-01-30 18:15:00,82.404
2017-01-30 18:30:00,82.319
2017-01-30 18:45:00,82.952
2017-01-30 19:00:00,81.864
2017-01-30 19:15:00,81.644
2017-01-30 19:30:00,81.326
2017-01-30 19:45:00,80.842
2017-01-30 20:00:00,80.569
2017-01-30 20:15:00,80.018
2017-01-30 20:30:00,79.617
2017-01-30 20:45:00,78.999
2017-01-30 21:00:00,78.455
2017-01-30 21:15:00,77.773
2017-01-30 21:30:00,77.183
2017-01-30 21:45:00,76.531
2017-01-30 22:00:00,76.323
2017-01-30 22:15:00,75.868
2017-01-30 22:30:00,75.88
2017-01-30 22:45:00,75.826
2017-01-30 23:00:00,75.674
2017-01-30 23:15:00,75.681
2017-01-30 23:30:00,75.637
2017-01-30 23:45:00,75.805
